spec,query_family,layout,batch,n_runs,metric_mean,metric_median,metric_std,csv_path
spec_tpch_RQ7_Q1_N1_1_S1_C1_N2_O1,RQ7_Q1,no_layout,0,10,1061.2182,1104.9025,90.16756832786385,/Users/guanlil1/Dropbox/PostDoc/topics/lakehouse_sfc/results/RQ7/spec_tpch_RQ7_Q1_N1_1_S1_C1_N2_O1/batch_0/results_hudi_no_layout_spec_tpch_RQ7_Q1_N1_1_S1_C1_N2_O1_batch_0.csv
spec_tpch_RQ7_Q1_N1_1_S1_C1_N2_O1,RQ7_Q1,no_layout,1,10,1643.7643,1644.778,46.24378072357405,/Users/guanlil1/Dropbox/PostDoc/topics/lakehouse_sfc/results/RQ7/spec_tpch_RQ7_Q1_N1_1_S1_C1_N2_O1/batch_1/results_hudi_no_layout_spec_tpch_RQ7_Q1_N1_1_S1_C1_N2_O1_batch_1.csv
spec_tpch_RQ7_Q1_N1_1_S1_C1_N2_O1,RQ7_Q1,no_layout,2,10,1677.4483,1646.025,82.57664057716323,/Users/guanlil1/Dropbox/PostDoc/topics/lakehouse_sfc/results/RQ7/spec_tpch_RQ7_Q1_N1_1_S1_C1_N2_O1/batch_2/results_hudi_no_layout_spec_tpch_RQ7_Q1_N1_1_S1_C1_N2_O1_batch_2.csv
spec_tpch_RQ7_Q1_N1_1_S1_C1_N2_O1,RQ7_Q1,no_layout,3,10,1644.3489999999997,1649.5985,52.73123612812431,/Users/guanlil1/Dropbox/PostDoc/topics/lakehouse_sfc/results/RQ7/spec_tpch_RQ7_Q1_N1_1_S1_C1_N2_O1/batch_3/results_hudi_no_layout_spec_tpch_RQ7_Q1_N1_1_S1_C1_N2_O1_batch_3.csv
spec_tpch_RQ7_Q1_N1_1_S1_C1_N2_O1,RQ7_Q1,no_layout,4,10,1688.7782,1680.9365,104.25322940686299,/Users/guanlil1/Dropbox/PostDoc/topics/lakehouse_sfc/results/RQ7/spec_tpch_RQ7_Q1_N1_1_S1_C1_N2_O1/batch_4/results_hudi_no_layout_spec_tpch_RQ7_Q1_N1_1_S1_C1_N2_O1_batch_4.csv
spec_tpch_RQ7_Q1_N1_1_S1_C1_N2_O1,RQ7_Q1,no_layout,5,10,1664.0705999999998,1663.2,102.56017381537534,/Users/guanlil1/Dropbox/PostDoc/topics/lakehouse_sfc/results/RQ7/spec_tpch_RQ7_Q1_N1_1_S1_C1_N2_O1/batch_5/results_hudi_no_layout_spec_tpch_RQ7_Q1_N1_1_S1_C1_N2_O1_batch_5.csv
spec_tpch_RQ7_Q1_N1_1_S1_C1_N2_O1,RQ7_Q1,no_layout,6,10,1658.5961000000002,1645.036,75.52908578216737,/Users/guanlil1/Dropbox/PostDoc/topics/lakehouse_sfc/results/RQ7/spec_tpch_RQ7_Q1_N1_1_S1_C1_N2_O1/batch_6/results_hudi_no_layout_spec_tpch_RQ7_Q1_N1_1_S1_C1_N2_O1_batch_6.csv
spec_tpch_RQ7_Q1_N1_1_S1_C1_N2_O1,RQ7_Q1,no_layout,7,10,1634.6226000000001,1619.9315,49.88692874531366,/Users/guanlil1/Dropbox/PostDoc/topics/lakehouse_sfc/results/RQ7/spec_tpch_RQ7_Q1_N1_1_S1_C1_N2_O1/batch_7/results_hudi_no_layout_spec_tpch_RQ7_Q1_N1_1_S1_C1_N2_O1_batch_7.csv
spec_tpch_RQ7_Q1_N1_1_S1_C1_N2_O1,RQ7_Q1,no_layout,8,10,1701.4669000000001,1683.344,97.87682578777265,/Users/guanlil1/Dropbox/PostDoc/topics/lakehouse_sfc/results/RQ7/spec_tpch_RQ7_Q1_N1_1_S1_C1_N2_O1/batch_8/results_hudi_no_layout_spec_tpch_RQ7_Q1_N1_1_S1_C1_N2_O1_batch_8.csv
spec_tpch_RQ7_Q1_N1_1_S1_C1_N2_O1,RQ7_Q1,no_layout,9,10,1660.7633,1685.779,51.67633558612682,/Users/guanlil1/Dropbox/PostDoc/topics/lakehouse_sfc/results/RQ7/spec_tpch_RQ7_Q1_N1_1_S1_C1_N2_O1/batch_9/results_hudi_no_layout_spec_tpch_RQ7_Q1_N1_1_S1_C1_N2_O1_batch_9.csv
spec_tpch_RQ7_Q1_N1_1_S1_C1_N2_O1,RQ7_Q1,no_layout,10,10,1672.4938000000002,1680.995,43.62338456791265,/Users/guanlil1/Dropbox/PostDoc/topics/lakehouse_sfc/results/RQ7/spec_tpch_RQ7_Q1_N1_1_S1_C1_N2_O1/batch_10/results_hudi_no_layout_spec_tpch_RQ7_Q1_N1_1_S1_C1_N2_O1_batch_10.csv
spec_tpch_RQ7_Q1_N1_2_S1_C1_N2_O1,RQ7_Q1,no_layout,0,10,1069.8731,1132.237,104.02852394747316,/Users/guanlil1/Dropbox/PostDoc/topics/lakehouse_sfc/results/RQ7/spec_tpch_RQ7_Q1_N1_2_S1_C1_N2_O1/batch_0/results_hudi_no_layout_spec_tpch_RQ7_Q1_N1_2_S1_C1_N2_O1_batch_0.csv
spec_tpch_RQ7_Q1_N1_2_S1_C1_N2_O1,RQ7_Q1,no_layout,1,10,1660.3114,1674.0465,77.16699185558552,/Users/guanlil1/Dropbox/PostDoc/topics/lakehouse_sfc/results/RQ7/spec_tpch_RQ7_Q1_N1_2_S1_C1_N2_O1/batch_1/results_hudi_no_layout_spec_tpch_RQ7_Q1_N1_2_S1_C1_N2_O1_batch_1.csv
spec_tpch_RQ7_Q1_N1_2_S1_C1_N2_O1,RQ7_Q1,no_layout,2,10,1656.7053999999996,1658.4655,45.38972789563734,/Users/guanlil1/Dropbox/PostDoc/topics/lakehouse_sfc/results/RQ7/spec_tpch_RQ7_Q1_N1_2_S1_C1_N2_O1/batch_2/results_hudi_no_layout_spec_tpch_RQ7_Q1_N1_2_S1_C1_N2_O1_batch_2.csv
spec_tpch_RQ7_Q1_N1_2_S1_C1_N2_O1,RQ7_Q1,no_layout,3,10,1676.8888,1676.534,43.88747668253437,/Users/guanlil1/Dropbox/PostDoc/topics/lakehouse_sfc/results/RQ7/spec_tpch_RQ7_Q1_N1_2_S1_C1_N2_O1/batch_3/results_hudi_no_layout_spec_tpch_RQ7_Q1_N1_2_S1_C1_N2_O1_batch_3.csv
spec_tpch_RQ7_Q1_N1_2_S1_C1_N2_O1,RQ7_Q1,no_layout,4,10,1671.6141,1669.7359999999999,57.517351384517006,/Users/guanlil1/Dropbox/PostDoc/topics/lakehouse_sfc/results/RQ7/spec_tpch_RQ7_Q1_N1_2_S1_C1_N2_O1/batch_4/results_hudi_no_layout_spec_tpch_RQ7_Q1_N1_2_S1_C1_N2_O1_batch_4.csv
spec_tpch_RQ7_Q1_N1_2_S1_C1_N2_O1,RQ7_Q1,no_layout,5,10,1650.8116999999997,1669.2185,69.14746813593396,/Users/guanlil1/Dropbox/PostDoc/topics/lakehouse_sfc/results/RQ7/spec_tpch_RQ7_Q1_N1_2_S1_C1_N2_O1/batch_5/results_hudi_no_layout_spec_tpch_RQ7_Q1_N1_2_S1_C1_N2_O1_batch_5.csv
spec_tpch_RQ7_Q1_N1_2_S1_C1_N2_O1,RQ7_Q1,no_layout,6,10,1670.7056,1681.8115,59.946203501472894,/Users/guanlil1/Dropbox/PostDoc/topics/lakehouse_sfc/results/RQ7/spec_tpch_RQ7_Q1_N1_2_S1_C1_N2_O1/batch_6/results_hudi_no_layout_spec_tpch_RQ7_Q1_N1_2_S1_C1_N2_O1_batch_6.csv
spec_tpch_RQ7_Q1_N1_2_S1_C1_N2_O1,RQ7_Q1,no_layout,7,10,1705.7975000000001,1693.797,69.89603068594099,/Users/guanlil1/Dropbox/PostDoc/topics/lakehouse_sfc/results/RQ7/spec_tpch_RQ7_Q1_N1_2_S1_C1_N2_O1/batch_7/results_hudi_no_layout_spec_tpch_RQ7_Q1_N1_2_S1_C1_N2_O1_batch_7.csv
spec_tpch_RQ7_Q1_N1_2_S1_C1_N2_O1,RQ7_Q1,no_layout,8,10,1669.2845999999997,1687.1495,37.3328189029438,/Users/guanlil1/Dropbox/PostDoc/topics/lakehouse_sfc/results/RQ7/spec_tpch_RQ7_Q1_N1_2_S1_C1_N2_O1/batch_8/results_hudi_no_layout_spec_tpch_RQ7_Q1_N1_2_S1_C1_N2_O1_batch_8.csv
spec_tpch_RQ7_Q1_N1_2_S1_C1_N2_O1,RQ7_Q1,no_layout,9,10,1684.2220000000002,1650.2530000000002,101.0783125729748,/Users/guanlil1/Dropbox/PostDoc/topics/lakehouse_sfc/results/RQ7/spec_tpch_RQ7_Q1_N1_2_S1_C1_N2_O1/batch_9/results_hudi_no_layout_spec_tpch_RQ7_Q1_N1_2_S1_C1_N2_O1_batch_9.csv
spec_tpch_RQ7_Q1_N1_2_S1_C1_N2_O1,RQ7_Q1,no_layout,10,10,1667.4256,1668.2669999999998,72.58894326851714,/Users/guanlil1/Dropbox/PostDoc/topics/lakehouse_sfc/results/RQ7/spec_tpch_RQ7_Q1_N1_2_S1_C1_N2_O1/batch_10/results_hudi_no_layout_spec_tpch_RQ7_Q1_N1_2_S1_C1_N2_O1_batch_10.csv
spec_tpch_RQ7_Q1_N1_3_S1_C1_N2_O1,RQ7_Q1,no_layout,0,10,1095.294,1155.5410000000002,115.19317835531756,/Users/guanlil1/Dropbox/PostDoc/topics/lakehouse_sfc/results/RQ7/spec_tpch_RQ7_Q1_N1_3_S1_C1_N2_O1/batch_0/results_hudi_no_layout_spec_tpch_RQ7_Q1_N1_3_S1_C1_N2_O1_batch_0.csv
spec_tpch_RQ7_Q1_N1_3_S1_C1_N2_O1,RQ7_Q1,no_layout,1,10,1667.7445,1658.6305,67.16909056589947,/Users/guanlil1/Dropbox/PostDoc/topics/lakehouse_sfc/results/RQ7/spec_tpch_RQ7_Q1_N1_3_S1_C1_N2_O1/batch_1/results_hudi_no_layout_spec_tpch_RQ7_Q1_N1_3_S1_C1_N2_O1_batch_1.csv
spec_tpch_RQ7_Q1_N1_3_S1_C1_N2_O1,RQ7_Q1,no_layout,2,10,1662.8288,1647.7095,89.44267124231033,/Users/guanlil1/Dropbox/PostDoc/topics/lakehouse_sfc/results/RQ7/spec_tpch_RQ7_Q1_N1_3_S1_C1_N2_O1/batch_2/results_hudi_no_layout_spec_tpch_RQ7_Q1_N1_3_S1_C1_N2_O1_batch_2.csv
spec_tpch_RQ7_Q1_N1_3_S1_C1_N2_O1,RQ7_Q1,no_layout,3,10,1680.4944,1652.522,121.58307179554235,/Users/guanlil1/Dropbox/PostDoc/topics/lakehouse_sfc/results/RQ7/spec_tpch_RQ7_Q1_N1_3_S1_C1_N2_O1/batch_3/results_hudi_no_layout_spec_tpch_RQ7_Q1_N1_3_S1_C1_N2_O1_batch_3.csv
spec_tpch_RQ7_Q1_N1_3_S1_C1_N2_O1,RQ7_Q1,no_layout,4,10,1653.1116000000002,1676.1655,70.66248230737442,/Users/guanlil1/Dropbox/PostDoc/topics/lakehouse_sfc/results/RQ7/spec_tpch_RQ7_Q1_N1_3_S1_C1_N2_O1/batch_4/results_hudi_no_layout_spec_tpch_RQ7_Q1_N1_3_S1_C1_N2_O1_batch_4.csv
spec_tpch_RQ7_Q1_N1_3_S1_C1_N2_O1,RQ7_Q1,no_layout,5,10,1642.5574000000001,1645.117,52.94455364851039,/Users/guanlil1/Dropbox/PostDoc/topics/lakehouse_sfc/results/RQ7/spec_tpch_RQ7_Q1_N1_3_S1_C1_N2_O1/batch_5/results_hudi_no_layout_spec_tpch_RQ7_Q1_N1_3_S1_C1_N2_O1_batch_5.csv
spec_tpch_RQ7_Q1_N1_3_S1_C1_N2_O1,RQ7_Q1,no_layout,6,10,1674.181,1682.4565,64.50619677054291,/Users/guanlil1/Dropbox/PostDoc/topics/lakehouse_sfc/results/RQ7/spec_tpch_RQ7_Q1_N1_3_S1_C1_N2_O1/batch_6/results_hudi_no_layout_spec_tpch_RQ7_Q1_N1_3_S1_C1_N2_O1_batch_6.csv
spec_tpch_RQ7_Q1_N1_3_S1_C1_N2_O1,RQ7_Q1,no_layout,7,10,1668.7628,1672.0835,68.12728082464466,/Users/guanlil1/Dropbox/PostDoc/topics/lakehouse_sfc/results/RQ7/spec_tpch_RQ7_Q1_N1_3_S1_C1_N2_O1/batch_7/results_hudi_no_layout_spec_tpch_RQ7_Q1_N1_3_S1_C1_N2_O1_batch_7.csv
spec_tpch_RQ7_Q1_N1_3_S1_C1_N2_O1,RQ7_Q1,no_layout,8,10,1656.4036,1619.8899999999999,87.62970641078289,/Users/guanlil1/Dropbox/PostDoc/topics/lakehouse_sfc/results/RQ7/spec_tpch_RQ7_Q1_N1_3_S1_C1_N2_O1/batch_8/results_hudi_no_layout_spec_tpch_RQ7_Q1_N1_3_S1_C1_N2_O1_batch_8.csv
spec_tpch_RQ7_Q1_N1_3_S1_C1_N2_O1,RQ7_Q1,no_layout,9,10,1652.8568,1668.9650000000001,57.96417385213043,/Users/guanlil1/Dropbox/PostDoc/topics/lakehouse_sfc/results/RQ7/spec_tpch_RQ7_Q1_N1_3_S1_C1_N2_O1/batch_9/results_hudi_no_layout_spec_tpch_RQ7_Q1_N1_3_S1_C1_N2_O1_batch_9.csv
spec_tpch_RQ7_Q1_N1_3_S1_C1_N2_O1,RQ7_Q1,no_layout,10,10,1635.067,1630.3184999999999,65.20853896845104,/Users/guanlil1/Dropbox/PostDoc/topics/lakehouse_sfc/results/RQ7/spec_tpch_RQ7_Q1_N1_3_S1_C1_N2_O1/batch_10/results_hudi_no_layout_spec_tpch_RQ7_Q1_N1_3_S1_C1_N2_O1_batch_10.csv
spec_tpch_RQ7_Q1_N1_4_S1_C1_N2_O1,RQ7_Q1,no_layout,0,10,12712.396799999999,12705.4235,79.13442988712295,/Users/guanlil1/Dropbox/PostDoc/topics/lakehouse_sfc/results/RQ7/spec_tpch_RQ7_Q1_N1_4_S1_C1_N2_O1/batch_0/results_hudi_no_layout_spec_tpch_RQ7_Q1_N1_4_S1_C1_N2_O1_batch_0.csv
spec_tpch_RQ7_Q1_N1_4_S1_C1_N2_O1,RQ7_Q1,no_layout,1,10,12743.6322,12797.021499999999,180.8575912881735,/Users/guanlil1/Dropbox/PostDoc/topics/lakehouse_sfc/results/RQ7/spec_tpch_RQ7_Q1_N1_4_S1_C1_N2_O1/batch_1/results_hudi_no_layout_spec_tpch_RQ7_Q1_N1_4_S1_C1_N2_O1_batch_1.csv
spec_tpch_RQ7_Q1_N1_4_S1_C1_N2_O1,RQ7_Q1,no_layout,2,10,12851.3749,12874.1435,66.31249855110289,/Users/guanlil1/Dropbox/PostDoc/topics/lakehouse_sfc/results/RQ7/spec_tpch_RQ7_Q1_N1_4_S1_C1_N2_O1/batch_2/results_hudi_no_layout_spec_tpch_RQ7_Q1_N1_4_S1_C1_N2_O1_batch_2.csv
spec_tpch_RQ7_Q1_N1_4_S1_C1_N2_O1,RQ7_Q1,no_layout,3,10,12726.920999999998,12691.9435,80.26522989439474,/Users/guanlil1/Dropbox/PostDoc/topics/lakehouse_sfc/results/RQ7/spec_tpch_RQ7_Q1_N1_4_S1_C1_N2_O1/batch_3/results_hudi_no_layout_spec_tpch_RQ7_Q1_N1_4_S1_C1_N2_O1_batch_3.csv
spec_tpch_RQ7_Q1_N1_4_S1_C1_N2_O1,RQ7_Q1,no_layout,4,10,12766.6663,12778.630000000001,101.23954037632707,/Users/guanlil1/Dropbox/PostDoc/topics/lakehouse_sfc/results/RQ7/spec_tpch_RQ7_Q1_N1_4_S1_C1_N2_O1/batch_4/results_hudi_no_layout_spec_tpch_RQ7_Q1_N1_4_S1_C1_N2_O1_batch_4.csv
spec_tpch_RQ7_Q1_N1_4_S1_C1_N2_O1,RQ7_Q1,no_layout,5,10,12700.3893,12702.2015,105.01948102904547,/Users/guanlil1/Dropbox/PostDoc/topics/lakehouse_sfc/results/RQ7/spec_tpch_RQ7_Q1_N1_4_S1_C1_N2_O1/batch_5/results_hudi_no_layout_spec_tpch_RQ7_Q1_N1_4_S1_C1_N2_O1_batch_5.csv
spec_tpch_RQ7_Q1_N1_4_S1_C1_N2_O1,RQ7_Q1,no_layout,6,10,12731.266599999999,12740.270499999999,77.51185061937305,/Users/guanlil1/Dropbox/PostDoc/topics/lakehouse_sfc/results/RQ7/spec_tpch_RQ7_Q1_N1_4_S1_C1_N2_O1/batch_6/results_hudi_no_layout_spec_tpch_RQ7_Q1_N1_4_S1_C1_N2_O1_batch_6.csv
spec_tpch_RQ7_Q1_N1_4_S1_C1_N2_O1,RQ7_Q1,no_layout,7,10,12745.8157,12709.3225,115.84797483257947,/Users/guanlil1/Dropbox/PostDoc/topics/lakehouse_sfc/results/RQ7/spec_tpch_RQ7_Q1_N1_4_S1_C1_N2_O1/batch_7/results_hudi_no_layout_spec_tpch_RQ7_Q1_N1_4_S1_C1_N2_O1_batch_7.csv
spec_tpch_RQ7_Q1_N1_4_S1_C1_N2_O1,RQ7_Q1,no_layout,8,10,12742.582100000001,12719.695,83.25572796204456,/Users/guanlil1/Dropbox/PostDoc/topics/lakehouse_sfc/results/RQ7/spec_tpch_RQ7_Q1_N1_4_S1_C1_N2_O1/batch_8/results_hudi_no_layout_spec_tpch_RQ7_Q1_N1_4_S1_C1_N2_O1_batch_8.csv
spec_tpch_RQ7_Q1_N1_4_S1_C1_N2_O1,RQ7_Q1,no_layout,9,10,12729.186099999999,12731.895,65.98031735517803,/Users/guanlil1/Dropbox/PostDoc/topics/lakehouse_sfc/results/RQ7/spec_tpch_RQ7_Q1_N1_4_S1_C1_N2_O1/batch_9/results_hudi_no_layout_spec_tpch_RQ7_Q1_N1_4_S1_C1_N2_O1_batch_9.csv
spec_tpch_RQ7_Q1_N1_4_S1_C1_N2_O1,RQ7_Q1,no_layout,10,10,12713.8236,12711.293,50.159655657111465,/Users/guanlil1/Dropbox/PostDoc/topics/lakehouse_sfc/results/RQ7/spec_tpch_RQ7_Q1_N1_4_S1_C1_N2_O1/batch_10/results_hudi_no_layout_spec_tpch_RQ7_Q1_N1_4_S1_C1_N2_O1_batch_10.csv
spec_tpch_RQ7_Q1_N1_5_S1_C1_N2_O1,RQ7_Q1,no_layout,0,10,2587.2407000000003,2587.78,12.1301247235962,/Users/guanlil1/Dropbox/PostDoc/topics/lakehouse_sfc/results/RQ7/spec_tpch_RQ7_Q1_N1_5_S1_C1_N2_O1/batch_0/results_hudi_no_layout_spec_tpch_RQ7_Q1_N1_5_S1_C1_N2_O1_batch_0.csv
spec_tpch_RQ7_Q1_N1_5_S1_C1_N2_O1,RQ7_Q1,no_layout,1,10,2664.1413,2664.853,14.245289081306785,/Users/guanlil1/Dropbox/PostDoc/topics/lakehouse_sfc/results/RQ7/spec_tpch_RQ7_Q1_N1_5_S1_C1_N2_O1/batch_1/results_hudi_no_layout_spec_tpch_RQ7_Q1_N1_5_S1_C1_N2_O1_batch_1.csv
spec_tpch_RQ7_Q1_N1_5_S1_C1_N2_O1,RQ7_Q1,no_layout,2,10,2667.9813999999997,2664.9535,14.01079416878285,/Users/guanlil1/Dropbox/PostDoc/topics/lakehouse_sfc/results/RQ7/spec_tpch_RQ7_Q1_N1_5_S1_C1_N2_O1/batch_2/results_hudi_no_layout_spec_tpch_RQ7_Q1_N1_5_S1_C1_N2_O1_batch_2.csv
spec_tpch_RQ7_Q1_N1_5_S1_C1_N2_O1,RQ7_Q1,no_layout,3,10,2676.8026,2660.133,60.59518101994582,/Users/guanlil1/Dropbox/PostDoc/topics/lakehouse_sfc/results/RQ7/spec_tpch_RQ7_Q1_N1_5_S1_C1_N2_O1/batch_3/results_hudi_no_layout_spec_tpch_RQ7_Q1_N1_5_S1_C1_N2_O1_batch_3.csv
spec_tpch_RQ7_Q1_N1_5_S1_C1_N2_O1,RQ7_Q1,no_layout,4,10,2650.0033,2657.744,27.292484390579055,/Users/guanlil1/Dropbox/PostDoc/topics/lakehouse_sfc/results/RQ7/spec_tpch_RQ7_Q1_N1_5_S1_C1_N2_O1/batch_4/results_hudi_no_layout_spec_tpch_RQ7_Q1_N1_5_S1_C1_N2_O1_batch_4.csv
spec_tpch_RQ7_Q1_N1_5_S1_C1_N2_O1,RQ7_Q1,no_layout,5,10,2624.8447,2622.1975,19.393653750905237,/Users/guanlil1/Dropbox/PostDoc/topics/lakehouse_sfc/results/RQ7/spec_tpch_RQ7_Q1_N1_5_S1_C1_N2_O1/batch_5/results_hudi_no_layout_spec_tpch_RQ7_Q1_N1_5_S1_C1_N2_O1_batch_5.csv
spec_tpch_RQ7_Q1_N1_5_S1_C1_N2_O1,RQ7_Q1,no_layout,6,10,2625.7954,2626.1665,11.339353942795903,/Users/guanlil1/Dropbox/PostDoc/topics/lakehouse_sfc/results/RQ7/spec_tpch_RQ7_Q1_N1_5_S1_C1_N2_O1/batch_6/results_hudi_no_layout_spec_tpch_RQ7_Q1_N1_5_S1_C1_N2_O1_batch_6.csv
spec_tpch_RQ7_Q1_N1_5_S1_C1_N2_O1,RQ7_Q1,no_layout,7,10,2603.9959,2607.7690000000002,20.259891892357118,/Users/guanlil1/Dropbox/PostDoc/topics/lakehouse_sfc/results/RQ7/spec_tpch_RQ7_Q1_N1_5_S1_C1_N2_O1/batch_7/results_hudi_no_layout_spec_tpch_RQ7_Q1_N1_5_S1_C1_N2_O1_batch_7.csv
spec_tpch_RQ7_Q1_N1_5_S1_C1_N2_O1,RQ7_Q1,no_layout,8,10,2585.5795000000003,2572.9669999999996,36.347192538764325,/Users/guanlil1/Dropbox/PostDoc/topics/lakehouse_sfc/results/RQ7/spec_tpch_RQ7_Q1_N1_5_S1_C1_N2_O1/batch_8/results_hudi_no_layout_spec_tpch_RQ7_Q1_N1_5_S1_C1_N2_O1_batch_8.csv
spec_tpch_RQ7_Q1_N1_5_S1_C1_N2_O1,RQ7_Q1,no_layout,9,10,2594.5218,2595.578,11.601670197001859,/Users/guanlil1/Dropbox/PostDoc/topics/lakehouse_sfc/results/RQ7/spec_tpch_RQ7_Q1_N1_5_S1_C1_N2_O1/batch_9/results_hudi_no_layout_spec_tpch_RQ7_Q1_N1_5_S1_C1_N2_O1_batch_9.csv
spec_tpch_RQ7_Q1_N1_5_S1_C1_N2_O1,RQ7_Q1,no_layout,10,10,2591.9836999999998,2590.7219999999998,8.956056978938914,/Users/guanlil1/Dropbox/PostDoc/topics/lakehouse_sfc/results/RQ7/spec_tpch_RQ7_Q1_N1_5_S1_C1_N2_O1/batch_10/results_hudi_no_layout_spec_tpch_RQ7_Q1_N1_5_S1_C1_N2_O1_batch_10.csv
spec_tpch_RQ7_Q2_N2_1_S1_C1_N2_O1,RQ7_Q2,no_layout,0,10,1093.7599,1659.3335000000002,897.8510632004007,/Users/guanlil1/Dropbox/PostDoc/topics/lakehouse_sfc/results/RQ7/spec_tpch_RQ7_Q2_N2_1_S1_C1_N2_O1/batch_0/results_hudi_no_layout_spec_tpch_RQ7_Q2_N2_1_S1_C1_N2_O1_batch_0.csv
spec_tpch_RQ7_Q2_N2_1_S1_C1_N2_O1,RQ7_Q2,no_layout,1,10,1763.9806,2335.235,806.7983576651852,/Users/guanlil1/Dropbox/PostDoc/topics/lakehouse_sfc/results/RQ7/spec_tpch_RQ7_Q2_N2_1_S1_C1_N2_O1/batch_1/results_hudi_no_layout_spec_tpch_RQ7_Q2_N2_1_S1_C1_N2_O1_batch_1.csv
spec_tpch_RQ7_Q2_N2_1_S1_C1_N2_O1,RQ7_Q2,no_layout,2,10,1749.2489999999998,2347.1949999999997,792.8276077748553,/Users/guanlil1/Dropbox/PostDoc/topics/lakehouse_sfc/results/RQ7/spec_tpch_RQ7_Q2_N2_1_S1_C1_N2_O1/batch_2/results_hudi_no_layout_spec_tpch_RQ7_Q2_N2_1_S1_C1_N2_O1_batch_2.csv
spec_tpch_RQ7_Q2_N2_1_S1_C1_N2_O1,RQ7_Q2,no_layout,3,10,1766.6086,2370.7355,807.3316527530925,/Users/guanlil1/Dropbox/PostDoc/topics/lakehouse_sfc/results/RQ7/spec_tpch_RQ7_Q2_N2_1_S1_C1_N2_O1/batch_3/results_hudi_no_layout_spec_tpch_RQ7_Q2_N2_1_S1_C1_N2_O1_batch_3.csv
spec_tpch_RQ7_Q2_N2_1_S1_C1_N2_O1,RQ7_Q2,no_layout,4,10,1742.6295999999998,2333.5615,787.9871073704442,/Users/guanlil1/Dropbox/PostDoc/topics/lakehouse_sfc/results/RQ7/spec_tpch_RQ7_Q2_N2_1_S1_C1_N2_O1/batch_4/results_hudi_no_layout_spec_tpch_RQ7_Q2_N2_1_S1_C1_N2_O1_batch_4.csv
spec_tpch_RQ7_Q2_N2_1_S1_C1_N2_O1,RQ7_Q2,no_layout,5,10,1741.3036,2315.5215,787.3273029924975,/Users/guanlil1/Dropbox/PostDoc/topics/lakehouse_sfc/results/RQ7/spec_tpch_RQ7_Q2_N2_1_S1_C1_N2_O1/batch_5/results_hudi_no_layout_spec_tpch_RQ7_Q2_N2_1_S1_C1_N2_O1_batch_5.csv
spec_tpch_RQ7_Q2_N2_1_S1_C1_N2_O1,RQ7_Q2,no_layout,6,10,1747.8942,2314.3590000000004,793.1301651921707,/Users/guanlil1/Dropbox/PostDoc/topics/lakehouse_sfc/results/RQ7/spec_tpch_RQ7_Q2_N2_1_S1_C1_N2_O1/batch_6/results_hudi_no_layout_spec_tpch_RQ7_Q2_N2_1_S1_C1_N2_O1_batch_6.csv
spec_tpch_RQ7_Q2_N2_1_S1_C1_N2_O1,RQ7_Q2,no_layout,7,10,1738.4759999999999,2294.285,786.1544094580911,/Users/guanlil1/Dropbox/PostDoc/topics/lakehouse_sfc/results/RQ7/spec_tpch_RQ7_Q2_N2_1_S1_C1_N2_O1/batch_7/results_hudi_no_layout_spec_tpch_RQ7_Q2_N2_1_S1_C1_N2_O1_batch_7.csv
spec_tpch_RQ7_Q2_N2_1_S1_C1_N2_O1,RQ7_Q2,no_layout,8,10,1758.3618999999999,2312.6125,803.5537629585775,/Users/guanlil1/Dropbox/PostDoc/topics/lakehouse_sfc/results/RQ7/spec_tpch_RQ7_Q2_N2_1_S1_C1_N2_O1/batch_8/results_hudi_no_layout_spec_tpch_RQ7_Q2_N2_1_S1_C1_N2_O1_batch_8.csv
spec_tpch_RQ7_Q2_N2_1_S1_C1_N2_O1,RQ7_Q2,no_layout,9,10,1770.8291000000002,2377.1445,811.3805400472025,/Users/guanlil1/Dropbox/PostDoc/topics/lakehouse_sfc/results/RQ7/spec_tpch_RQ7_Q2_N2_1_S1_C1_N2_O1/batch_9/results_hudi_no_layout_spec_tpch_RQ7_Q2_N2_1_S1_C1_N2_O1_batch_9.csv
spec_tpch_RQ7_Q2_N2_1_S1_C1_N2_O1,RQ7_Q2,no_layout,10,10,1728.5763000000002,2260.126,778.7463884431247,/Users/guanlil1/Dropbox/PostDoc/topics/lakehouse_sfc/results/RQ7/spec_tpch_RQ7_Q2_N2_1_S1_C1_N2_O1/batch_10/results_hudi_no_layout_spec_tpch_RQ7_Q2_N2_1_S1_C1_N2_O1_batch_10.csv
spec_tpch_RQ7_Q2_N2_2_S1_C1_N2_O1,RQ7_Q2,no_layout,0,10,3272.5415,3224.834,124.00140233259465,/Users/guanlil1/Dropbox/PostDoc/topics/lakehouse_sfc/results/RQ7/spec_tpch_RQ7_Q2_N2_2_S1_C1_N2_O1/batch_0/results_hudi_no_layout_spec_tpch_RQ7_Q2_N2_2_S1_C1_N2_O1_batch_0.csv
spec_tpch_RQ7_Q2_N2_2_S1_C1_N2_O1,RQ7_Q2,no_layout,1,10,4118.823,4096.731,175.44704831885903,/Users/guanlil1/Dropbox/PostDoc/topics/lakehouse_sfc/results/RQ7/spec_tpch_RQ7_Q2_N2_2_S1_C1_N2_O1/batch_1/results_hudi_no_layout_spec_tpch_RQ7_Q2_N2_2_S1_C1_N2_O1_batch_1.csv
spec_tpch_RQ7_Q2_N2_2_S1_C1_N2_O1,RQ7_Q2,no_layout,2,10,4044.8199999999997,4037.496,96.03829931438823,/Users/guanlil1/Dropbox/PostDoc/topics/lakehouse_sfc/results/RQ7/spec_tpch_RQ7_Q2_N2_2_S1_C1_N2_O1/batch_2/results_hudi_no_layout_spec_tpch_RQ7_Q2_N2_2_S1_C1_N2_O1_batch_2.csv
spec_tpch_RQ7_Q2_N2_2_S1_C1_N2_O1,RQ7_Q2,no_layout,3,10,4050.9506,4075.5525,78.68898344774824,/Users/guanlil1/Dropbox/PostDoc/topics/lakehouse_sfc/results/RQ7/spec_tpch_RQ7_Q2_N2_2_S1_C1_N2_O1/batch_3/results_hudi_no_layout_spec_tpch_RQ7_Q2_N2_2_S1_C1_N2_O1_batch_3.csv
spec_tpch_RQ7_Q2_N2_2_S1_C1_N2_O1,RQ7_Q2,no_layout,4,10,4135.6675000000005,4147.619000000001,149.75181004131477,/Users/guanlil1/Dropbox/PostDoc/topics/lakehouse_sfc/results/RQ7/spec_tpch_RQ7_Q2_N2_2_S1_C1_N2_O1/batch_4/results_hudi_no_layout_spec_tpch_RQ7_Q2_N2_2_S1_C1_N2_O1_batch_4.csv
spec_tpch_RQ7_Q2_N2_2_S1_C1_N2_O1,RQ7_Q2,no_layout,5,10,4082.9519,4061.581,175.51795209576136,/Users/guanlil1/Dropbox/PostDoc/topics/lakehouse_sfc/results/RQ7/spec_tpch_RQ7_Q2_N2_2_S1_C1_N2_O1/batch_5/results_hudi_no_layout_spec_tpch_RQ7_Q2_N2_2_S1_C1_N2_O1_batch_5.csv
spec_tpch_RQ7_Q2_N2_2_S1_C1_N2_O1,RQ7_Q2,no_layout,6,10,4049.472,4063.0969999999998,127.21262607697408,/Users/guanlil1/Dropbox/PostDoc/topics/lakehouse_sfc/results/RQ7/spec_tpch_RQ7_Q2_N2_2_S1_C1_N2_O1/batch_6/results_hudi_no_layout_spec_tpch_RQ7_Q2_N2_2_S1_C1_N2_O1_batch_6.csv
spec_tpch_RQ7_Q2_N2_2_S1_C1_N2_O1,RQ7_Q2,no_layout,7,10,4019.8464999999997,4017.3235,132.55912510215964,/Users/guanlil1/Dropbox/PostDoc/topics/lakehouse_sfc/results/RQ7/spec_tpch_RQ7_Q2_N2_2_S1_C1_N2_O1/batch_7/results_hudi_no_layout_spec_tpch_RQ7_Q2_N2_2_S1_C1_N2_O1_batch_7.csv
spec_tpch_RQ7_Q2_N2_2_S1_C1_N2_O1,RQ7_Q2,no_layout,8,10,3997.0729,3976.6814999999997,96.02365121828065,/Users/guanlil1/Dropbox/PostDoc/topics/lakehouse_sfc/results/RQ7/spec_tpch_RQ7_Q2_N2_2_S1_C1_N2_O1/batch_8/results_hudi_no_layout_spec_tpch_RQ7_Q2_N2_2_S1_C1_N2_O1_batch_8.csv
spec_tpch_RQ7_Q2_N2_2_S1_C1_N2_O1,RQ7_Q2,no_layout,9,10,4071.2171000000003,4076.152,92.58927291047284,/Users/guanlil1/Dropbox/PostDoc/topics/lakehouse_sfc/results/RQ7/spec_tpch_RQ7_Q2_N2_2_S1_C1_N2_O1/batch_9/results_hudi_no_layout_spec_tpch_RQ7_Q2_N2_2_S1_C1_N2_O1_batch_9.csv
spec_tpch_RQ7_Q2_N2_2_S1_C1_N2_O1,RQ7_Q2,no_layout,10,10,3305.9576,3124.6045,388.3481023263021,/Users/guanlil1/Dropbox/PostDoc/topics/lakehouse_sfc/results/RQ7/spec_tpch_RQ7_Q2_N2_2_S1_C1_N2_O1/batch_10/results_hudi_no_layout_spec_tpch_RQ7_Q2_N2_2_S1_C1_N2_O1_batch_10.csv
spec_tpch_RQ7_Q2_N2_3_S1_C1_N2_O1,RQ7_Q2,no_layout,0,10,14453.2729,14445.8105,99.39902965668216,/Users/guanlil1/Dropbox/PostDoc/topics/lakehouse_sfc/results/RQ7/spec_tpch_RQ7_Q2_N2_3_S1_C1_N2_O1/batch_0/results_hudi_no_layout_spec_tpch_RQ7_Q2_N2_3_S1_C1_N2_O1_batch_0.csv
spec_tpch_RQ7_Q2_N2_3_S1_C1_N2_O1,RQ7_Q2,no_layout,1,10,14540.8365,14527.246500000001,91.98723646055478,/Users/guanlil1/Dropbox/PostDoc/topics/lakehouse_sfc/results/RQ7/spec_tpch_RQ7_Q2_N2_3_S1_C1_N2_O1/batch_1/results_hudi_no_layout_spec_tpch_RQ7_Q2_N2_3_S1_C1_N2_O1_batch_1.csv
spec_tpch_RQ7_Q2_N2_3_S1_C1_N2_O1,RQ7_Q2,no_layout,2,10,14484.983900000001,14514.053,165.65953586464622,/Users/guanlil1/Dropbox/PostDoc/topics/lakehouse_sfc/results/RQ7/spec_tpch_RQ7_Q2_N2_3_S1_C1_N2_O1/batch_2/results_hudi_no_layout_spec_tpch_RQ7_Q2_N2_3_S1_C1_N2_O1_batch_2.csv
spec_tpch_RQ7_Q2_N2_3_S1_C1_N2_O1,RQ7_Q2,no_layout,3,10,14468.306099999998,14436.933,109.84194786460223,/Users/guanlil1/Dropbox/PostDoc/topics/lakehouse_sfc/results/RQ7/spec_tpch_RQ7_Q2_N2_3_S1_C1_N2_O1/batch_3/results_hudi_no_layout_spec_tpch_RQ7_Q2_N2_3_S1_C1_N2_O1_batch_3.csv
spec_tpch_RQ7_Q2_N2_3_S1_C1_N2_O1,RQ7_Q2,no_layout,4,10,14483.511300000002,14464.519,124.16433699742424,/Users/guanlil1/Dropbox/PostDoc/topics/lakehouse_sfc/results/RQ7/spec_tpch_RQ7_Q2_N2_3_S1_C1_N2_O1/batch_4/results_hudi_no_layout_spec_tpch_RQ7_Q2_N2_3_S1_C1_N2_O1_batch_4.csv
spec_tpch_RQ7_Q2_N2_3_S1_C1_N2_O1,RQ7_Q2,no_layout,5,10,14458.7418,14445.256,46.654184287800035,/Users/guanlil1/Dropbox/PostDoc/topics/lakehouse_sfc/results/RQ7/spec_tpch_RQ7_Q2_N2_3_S1_C1_N2_O1/batch_5/results_hudi_no_layout_spec_tpch_RQ7_Q2_N2_3_S1_C1_N2_O1_batch_5.csv
spec_tpch_RQ7_Q2_N2_3_S1_C1_N2_O1,RQ7_Q2,no_layout,6,10,14392.224400000001,14476.766,265.27049692613787,/Users/guanlil1/Dropbox/PostDoc/topics/lakehouse_sfc/results/RQ7/spec_tpch_RQ7_Q2_N2_3_S1_C1_N2_O1/batch_6/results_hudi_no_layout_spec_tpch_RQ7_Q2_N2_3_S1_C1_N2_O1_batch_6.csv
spec_tpch_RQ7_Q2_N2_3_S1_C1_N2_O1,RQ7_Q2,no_layout,7,10,14404.464499999998,14391.178,67.34220131722772,/Users/guanlil1/Dropbox/PostDoc/topics/lakehouse_sfc/results/RQ7/spec_tpch_RQ7_Q2_N2_3_S1_C1_N2_O1/batch_7/results_hudi_no_layout_spec_tpch_RQ7_Q2_N2_3_S1_C1_N2_O1_batch_7.csv
spec_tpch_RQ7_Q2_N2_3_S1_C1_N2_O1,RQ7_Q2,no_layout,8,10,14459.857800000002,14424.025,87.97964503542853,/Users/guanlil1/Dropbox/PostDoc/topics/lakehouse_sfc/results/RQ7/spec_tpch_RQ7_Q2_N2_3_S1_C1_N2_O1/batch_8/results_hudi_no_layout_spec_tpch_RQ7_Q2_N2_3_S1_C1_N2_O1_batch_8.csv
spec_tpch_RQ7_Q2_N2_3_S1_C1_N2_O1,RQ7_Q2,no_layout,9,10,14416.2631,14394.307,83.0998958007169,/Users/guanlil1/Dropbox/PostDoc/topics/lakehouse_sfc/results/RQ7/spec_tpch_RQ7_Q2_N2_3_S1_C1_N2_O1/batch_9/results_hudi_no_layout_spec_tpch_RQ7_Q2_N2_3_S1_C1_N2_O1_batch_9.csv
spec_tpch_RQ7_Q2_N2_3_S1_C1_N2_O1,RQ7_Q2,no_layout,10,10,14389.284,14363.961500000001,94.46549646722866,/Users/guanlil1/Dropbox/PostDoc/topics/lakehouse_sfc/results/RQ7/spec_tpch_RQ7_Q2_N2_3_S1_C1_N2_O1/batch_10/results_hudi_no_layout_spec_tpch_RQ7_Q2_N2_3_S1_C1_N2_O1_batch_10.csv
spec_tpch_RQ7_Q2_N2_4_S1_C1_N2_O1,RQ7_Q2,no_layout,0,10,3917.341099999999,3782.4335,203.31361220265106,/Users/guanlil1/Dropbox/PostDoc/topics/lakehouse_sfc/results/RQ7/spec_tpch_RQ7_Q2_N2_4_S1_C1_N2_O1/batch_0/results_hudi_no_layout_spec_tpch_RQ7_Q2_N2_4_S1_C1_N2_O1_batch_0.csv
spec_tpch_RQ7_Q2_N2_4_S1_C1_N2_O1,RQ7_Q2,no_layout,1,10,4571.811000000001,4560.5425,180.14485082066588,/Users/guanlil1/Dropbox/PostDoc/topics/lakehouse_sfc/results/RQ7/spec_tpch_RQ7_Q2_N2_4_S1_C1_N2_O1/batch_1/results_hudi_no_layout_spec_tpch_RQ7_Q2_N2_4_S1_C1_N2_O1_batch_1.csv
spec_tpch_RQ7_Q2_N2_4_S1_C1_N2_O1,RQ7_Q2,no_layout,2,10,4609.949,4641.5365,98.05252742382524,/Users/guanlil1/Dropbox/PostDoc/topics/lakehouse_sfc/results/RQ7/spec_tpch_RQ7_Q2_N2_4_S1_C1_N2_O1/batch_2/results_hudi_no_layout_spec_tpch_RQ7_Q2_N2_4_S1_C1_N2_O1_batch_2.csv
spec_tpch_RQ7_Q2_N2_4_S1_C1_N2_O1,RQ7_Q2,no_layout,3,10,4657.1072,4684.4785,130.76668888122848,/Users/guanlil1/Dropbox/PostDoc/topics/lakehouse_sfc/results/RQ7/spec_tpch_RQ7_Q2_N2_4_S1_C1_N2_O1/batch_3/results_hudi_no_layout_spec_tpch_RQ7_Q2_N2_4_S1_C1_N2_O1_batch_3.csv
spec_tpch_RQ7_Q2_N2_4_S1_C1_N2_O1,RQ7_Q2,no_layout,4,10,4624.6629,4646.054,157.61278575448756,/Users/guanlil1/Dropbox/PostDoc/topics/lakehouse_sfc/results/RQ7/spec_tpch_RQ7_Q2_N2_4_S1_C1_N2_O1/batch_4/results_hudi_no_layout_spec_tpch_RQ7_Q2_N2_4_S1_C1_N2_O1_batch_4.csv
spec_tpch_RQ7_Q2_N2_4_S1_C1_N2_O1,RQ7_Q2,no_layout,5,10,4691.4342,4599.387000000001,299.43207829282403,/Users/guanlil1/Dropbox/PostDoc/topics/lakehouse_sfc/results/RQ7/spec_tpch_RQ7_Q2_N2_4_S1_C1_N2_O1/batch_5/results_hudi_no_layout_spec_tpch_RQ7_Q2_N2_4_S1_C1_N2_O1_batch_5.csv
spec_tpch_RQ7_Q2_N2_4_S1_C1_N2_O1,RQ7_Q2,no_layout,6,10,4642.8289,4622.1455000000005,176.2459351840206,/Users/guanlil1/Dropbox/PostDoc/topics/lakehouse_sfc/results/RQ7/spec_tpch_RQ7_Q2_N2_4_S1_C1_N2_O1/batch_6/results_hudi_no_layout_spec_tpch_RQ7_Q2_N2_4_S1_C1_N2_O1_batch_6.csv
spec_tpch_RQ7_Q2_N2_4_S1_C1_N2_O1,RQ7_Q2,no_layout,7,10,4744.5500999999995,4609.903,347.44343004623073,/Users/guanlil1/Dropbox/PostDoc/topics/lakehouse_sfc/results/RQ7/spec_tpch_RQ7_Q2_N2_4_S1_C1_N2_O1/batch_7/results_hudi_no_layout_spec_tpch_RQ7_Q2_N2_4_S1_C1_N2_O1_batch_7.csv
spec_tpch_RQ7_Q2_N2_4_S1_C1_N2_O1,RQ7_Q2,no_layout,8,10,4654.858700000001,4650.711499999999,129.53792325882796,/Users/guanlil1/Dropbox/PostDoc/topics/lakehouse_sfc/results/RQ7/spec_tpch_RQ7_Q2_N2_4_S1_C1_N2_O1/batch_8/results_hudi_no_layout_spec_tpch_RQ7_Q2_N2_4_S1_C1_N2_O1_batch_8.csv
spec_tpch_RQ7_Q2_N2_4_S1_C1_N2_O1,RQ7_Q2,no_layout,9,10,4655.009099999999,4657.8095,73.71591936406959,/Users/guanlil1/Dropbox/PostDoc/topics/lakehouse_sfc/results/RQ7/spec_tpch_RQ7_Q2_N2_4_S1_C1_N2_O1/batch_9/results_hudi_no_layout_spec_tpch_RQ7_Q2_N2_4_S1_C1_N2_O1_batch_9.csv
spec_tpch_RQ7_Q2_N2_4_S1_C1_N2_O1,RQ7_Q2,no_layout,10,10,4609.8084,4647.4295,121.75367029884565,/Users/guanlil1/Dropbox/PostDoc/topics/lakehouse_sfc/results/RQ7/spec_tpch_RQ7_Q2_N2_4_S1_C1_N2_O1/batch_10/results_hudi_no_layout_spec_tpch_RQ7_Q2_N2_4_S1_C1_N2_O1_batch_10.csv
spec_tpch_RQ7_Q2_N2_5_S1_C1_N2_O1,RQ7_Q2,no_layout,0,10,1433.9044000000001,1347.541,131.0794394840015,/Users/guanlil1/Dropbox/PostDoc/topics/lakehouse_sfc/results/RQ7/spec_tpch_RQ7_Q2_N2_5_S1_C1_N2_O1/batch_0/results_hudi_no_layout_spec_tpch_RQ7_Q2_N2_5_S1_C1_N2_O1_batch_0.csv
spec_tpch_RQ7_Q2_N2_5_S1_C1_N2_O1,RQ7_Q2,no_layout,1,10,2119.9118,2117.5735,32.04047174059711,/Users/guanlil1/Dropbox/PostDoc/topics/lakehouse_sfc/results/RQ7/spec_tpch_RQ7_Q2_N2_5_S1_C1_N2_O1/batch_1/results_hudi_no_layout_spec_tpch_RQ7_Q2_N2_5_S1_C1_N2_O1_batch_1.csv
spec_tpch_RQ7_Q2_N2_5_S1_C1_N2_O1,RQ7_Q2,no_layout,2,10,2132.9165,2133.607,63.08170839355892,/Users/guanlil1/Dropbox/PostDoc/topics/lakehouse_sfc/results/RQ7/spec_tpch_RQ7_Q2_N2_5_S1_C1_N2_O1/batch_2/results_hudi_no_layout_spec_tpch_RQ7_Q2_N2_5_S1_C1_N2_O1_batch_2.csv
spec_tpch_RQ7_Q2_N2_5_S1_C1_N2_O1,RQ7_Q2,no_layout,3,10,2133.6692,2130.1994999999997,84.05716818784701,/Users/guanlil1/Dropbox/PostDoc/topics/lakehouse_sfc/results/RQ7/spec_tpch_RQ7_Q2_N2_5_S1_C1_N2_O1/batch_3/results_hudi_no_layout_spec_tpch_RQ7_Q2_N2_5_S1_C1_N2_O1_batch_3.csv
spec_tpch_RQ7_Q2_N2_5_S1_C1_N2_O1,RQ7_Q2,no_layout,4,10,2097.6827999999996,2117.9145,54.456652988959924,/Users/guanlil1/Dropbox/PostDoc/topics/lakehouse_sfc/results/RQ7/spec_tpch_RQ7_Q2_N2_5_S1_C1_N2_O1/batch_4/results_hudi_no_layout_spec_tpch_RQ7_Q2_N2_5_S1_C1_N2_O1_batch_4.csv
spec_tpch_RQ7_Q2_N2_5_S1_C1_N2_O1,RQ7_Q2,no_layout,5,10,2085.691,2101.361,55.488547968026715,/Users/guanlil1/Dropbox/PostDoc/topics/lakehouse_sfc/results/RQ7/spec_tpch_RQ7_Q2_N2_5_S1_C1_N2_O1/batch_5/results_hudi_no_layout_spec_tpch_RQ7_Q2_N2_5_S1_C1_N2_O1_batch_5.csv
spec_tpch_RQ7_Q2_N2_5_S1_C1_N2_O1,RQ7_Q2,no_layout,6,10,2066.7367999999997,2073.5915,53.02627379101799,/Users/guanlil1/Dropbox/PostDoc/topics/lakehouse_sfc/results/RQ7/spec_tpch_RQ7_Q2_N2_5_S1_C1_N2_O1/batch_6/results_hudi_no_layout_spec_tpch_RQ7_Q2_N2_5_S1_C1_N2_O1_batch_6.csv
spec_tpch_RQ7_Q2_N2_5_S1_C1_N2_O1,RQ7_Q2,no_layout,7,10,2099.5562,2097.5510000000004,44.73267083866112,/Users/guanlil1/Dropbox/PostDoc/topics/lakehouse_sfc/results/RQ7/spec_tpch_RQ7_Q2_N2_5_S1_C1_N2_O1/batch_7/results_hudi_no_layout_spec_tpch_RQ7_Q2_N2_5_S1_C1_N2_O1_batch_7.csv
spec_tpch_RQ7_Q2_N2_5_S1_C1_N2_O1,RQ7_Q2,no_layout,8,10,2102.1151,2095.5145,33.99791696692604,/Users/guanlil1/Dropbox/PostDoc/topics/lakehouse_sfc/results/RQ7/spec_tpch_RQ7_Q2_N2_5_S1_C1_N2_O1/batch_8/results_hudi_no_layout_spec_tpch_RQ7_Q2_N2_5_S1_C1_N2_O1_batch_8.csv
spec_tpch_RQ7_Q2_N2_5_S1_C1_N2_O1,RQ7_Q2,no_layout,9,10,2093.9492,2094.132,27.08034691727569,/Users/guanlil1/Dropbox/PostDoc/topics/lakehouse_sfc/results/RQ7/spec_tpch_RQ7_Q2_N2_5_S1_C1_N2_O1/batch_9/results_hudi_no_layout_spec_tpch_RQ7_Q2_N2_5_S1_C1_N2_O1_batch_9.csv
spec_tpch_RQ7_Q2_N2_5_S1_C1_N2_O1,RQ7_Q2,no_layout,10,10,2096.2989000000002,2084.031,43.53777133581835,/Users/guanlil1/Dropbox/PostDoc/topics/lakehouse_sfc/results/RQ7/spec_tpch_RQ7_Q2_N2_5_S1_C1_N2_O1/batch_10/results_hudi_no_layout_spec_tpch_RQ7_Q2_N2_5_S1_C1_N2_O1_batch_10.csv
spec_tpch_RQ7_Q3_K16_1_S0_C1_N2_O1,RQ7_Q3,no_layout,0,10,3886.322,3890.238,24.287481050944738,/Users/guanlil1/Dropbox/PostDoc/topics/lakehouse_sfc/results/RQ7/spec_tpch_RQ7_Q3_K16_1_S0_C1_N2_O1/batch_0/results_hudi_no_layout_spec_tpch_RQ7_Q3_K16_1_S0_C1_N2_O1_batch_0.csv
spec_tpch_RQ7_Q3_K16_1_S0_C1_N2_O1,RQ7_Q3,no_layout,1,10,3913.9837999999995,3911.1655,20.36395800329594,/Users/guanlil1/Dropbox/PostDoc/topics/lakehouse_sfc/results/RQ7/spec_tpch_RQ7_Q3_K16_1_S0_C1_N2_O1/batch_1/results_hudi_no_layout_spec_tpch_RQ7_Q3_K16_1_S0_C1_N2_O1_batch_1.csv
spec_tpch_RQ7_Q3_K16_1_S0_C1_N2_O1,RQ7_Q3,no_layout,2,10,3936.9945999999995,3937.7285,41.859388156541506,/Users/guanlil1/Dropbox/PostDoc/topics/lakehouse_sfc/results/RQ7/spec_tpch_RQ7_Q3_K16_1_S0_C1_N2_O1/batch_2/results_hudi_no_layout_spec_tpch_RQ7_Q3_K16_1_S0_C1_N2_O1_batch_2.csv
spec_tpch_RQ7_Q3_K16_1_S0_C1_N2_O1,RQ7_Q3,no_layout,3,10,3911.7411999999995,3913.471,23.587522013980216,/Users/guanlil1/Dropbox/PostDoc/topics/lakehouse_sfc/results/RQ7/spec_tpch_RQ7_Q3_K16_1_S0_C1_N2_O1/batch_3/results_hudi_no_layout_spec_tpch_RQ7_Q3_K16_1_S0_C1_N2_O1_batch_3.csv
spec_tpch_RQ7_Q3_K16_1_S0_C1_N2_O1,RQ7_Q3,no_layout,4,10,3930.6431,3930.7174999999997,39.39301375739105,/Users/guanlil1/Dropbox/PostDoc/topics/lakehouse_sfc/results/RQ7/spec_tpch_RQ7_Q3_K16_1_S0_C1_N2_O1/batch_4/results_hudi_no_layout_spec_tpch_RQ7_Q3_K16_1_S0_C1_N2_O1_batch_4.csv
spec_tpch_RQ7_Q3_K16_1_S0_C1_N2_O1,RQ7_Q3,no_layout,5,10,3920.3588000000004,3925.188,31.842644446716363,/Users/guanlil1/Dropbox/PostDoc/topics/lakehouse_sfc/results/RQ7/spec_tpch_RQ7_Q3_K16_1_S0_C1_N2_O1/batch_5/results_hudi_no_layout_spec_tpch_RQ7_Q3_K16_1_S0_C1_N2_O1_batch_5.csv
spec_tpch_RQ7_Q3_K16_1_S0_C1_N2_O1,RQ7_Q3,no_layout,6,10,3903.7929000000004,3910.3140000000003,27.32460601527496,/Users/guanlil1/Dropbox/PostDoc/topics/lakehouse_sfc/results/RQ7/spec_tpch_RQ7_Q3_K16_1_S0_C1_N2_O1/batch_6/results_hudi_no_layout_spec_tpch_RQ7_Q3_K16_1_S0_C1_N2_O1_batch_6.csv
spec_tpch_RQ7_Q3_K16_1_S0_C1_N2_O1,RQ7_Q3,no_layout,7,10,3911.9163999999996,3906.2065000000002,29.58548594226573,/Users/guanlil1/Dropbox/PostDoc/topics/lakehouse_sfc/results/RQ7/spec_tpch_RQ7_Q3_K16_1_S0_C1_N2_O1/batch_7/results_hudi_no_layout_spec_tpch_RQ7_Q3_K16_1_S0_C1_N2_O1_batch_7.csv
spec_tpch_RQ7_Q3_K16_1_S0_C1_N2_O1,RQ7_Q3,no_layout,8,10,3887.3391,3879.6295,22.529547467492602,/Users/guanlil1/Dropbox/PostDoc/topics/lakehouse_sfc/results/RQ7/spec_tpch_RQ7_Q3_K16_1_S0_C1_N2_O1/batch_8/results_hudi_no_layout_spec_tpch_RQ7_Q3_K16_1_S0_C1_N2_O1_batch_8.csv
spec_tpch_RQ7_Q3_K16_1_S0_C1_N2_O1,RQ7_Q3,no_layout,9,10,3898.3086000000003,3892.7255,29.965049581804504,/Users/guanlil1/Dropbox/PostDoc/topics/lakehouse_sfc/results/RQ7/spec_tpch_RQ7_Q3_K16_1_S0_C1_N2_O1/batch_9/results_hudi_no_layout_spec_tpch_RQ7_Q3_K16_1_S0_C1_N2_O1_batch_9.csv
spec_tpch_RQ7_Q3_K16_1_S0_C1_N2_O1,RQ7_Q3,no_layout,10,10,3902.0785000000005,3898.0975,26.73050223714466,/Users/guanlil1/Dropbox/PostDoc/topics/lakehouse_sfc/results/RQ7/spec_tpch_RQ7_Q3_K16_1_S0_C1_N2_O1/batch_10/results_hudi_no_layout_spec_tpch_RQ7_Q3_K16_1_S0_C1_N2_O1_batch_10.csv
spec_tpch_RQ7_Q3_K16_2_S0_C1_N2_O1,RQ7_Q3,no_layout,0,10,3920.8924999999995,3923.986,19.5476266244779,/Users/guanlil1/Dropbox/PostDoc/topics/lakehouse_sfc/results/RQ7/spec_tpch_RQ7_Q3_K16_2_S0_C1_N2_O1/batch_0/results_hudi_no_layout_spec_tpch_RQ7_Q3_K16_2_S0_C1_N2_O1_batch_0.csv
spec_tpch_RQ7_Q3_K16_2_S0_C1_N2_O1,RQ7_Q3,no_layout,1,10,3939.0905999999995,3937.2075,29.605576039658455,/Users/guanlil1/Dropbox/PostDoc/topics/lakehouse_sfc/results/RQ7/spec_tpch_RQ7_Q3_K16_2_S0_C1_N2_O1/batch_1/results_hudi_no_layout_spec_tpch_RQ7_Q3_K16_2_S0_C1_N2_O1_batch_1.csv
spec_tpch_RQ7_Q3_K16_2_S0_C1_N2_O1,RQ7_Q3,no_layout,2,10,3924.5509000000006,3925.319,21.516433503022757,/Users/guanlil1/Dropbox/PostDoc/topics/lakehouse_sfc/results/RQ7/spec_tpch_RQ7_Q3_K16_2_S0_C1_N2_O1/batch_2/results_hudi_no_layout_spec_tpch_RQ7_Q3_K16_2_S0_C1_N2_O1_batch_2.csv
spec_tpch_RQ7_Q3_K16_2_S0_C1_N2_O1,RQ7_Q3,no_layout,3,10,3915.3522000000003,3920.3469999999998,27.235019213505286,/Users/guanlil1/Dropbox/PostDoc/topics/lakehouse_sfc/results/RQ7/spec_tpch_RQ7_Q3_K16_2_S0_C1_N2_O1/batch_3/results_hudi_no_layout_spec_tpch_RQ7_Q3_K16_2_S0_C1_N2_O1_batch_3.csv
spec_tpch_RQ7_Q3_K16_2_S0_C1_N2_O1,RQ7_Q3,no_layout,4,10,3922.8379,3920.3685,20.347565930351525,/Users/guanlil1/Dropbox/PostDoc/topics/lakehouse_sfc/results/RQ7/spec_tpch_RQ7_Q3_K16_2_S0_C1_N2_O1/batch_4/results_hudi_no_layout_spec_tpch_RQ7_Q3_K16_2_S0_C1_N2_O1_batch_4.csv
spec_tpch_RQ7_Q3_K16_2_S0_C1_N2_O1,RQ7_Q3,no_layout,5,10,3921.2852999999996,3937.1845000000003,40.63771176395149,/Users/guanlil1/Dropbox/PostDoc/topics/lakehouse_sfc/results/RQ7/spec_tpch_RQ7_Q3_K16_2_S0_C1_N2_O1/batch_5/results_hudi_no_layout_spec_tpch_RQ7_Q3_K16_2_S0_C1_N2_O1_batch_5.csv
spec_tpch_RQ7_Q3_K16_2_S0_C1_N2_O1,RQ7_Q3,no_layout,6,10,3920.6102,3920.8745,17.646480798164834,/Users/guanlil1/Dropbox/PostDoc/topics/lakehouse_sfc/results/RQ7/spec_tpch_RQ7_Q3_K16_2_S0_C1_N2_O1/batch_6/results_hudi_no_layout_spec_tpch_RQ7_Q3_K16_2_S0_C1_N2_O1_batch_6.csv
spec_tpch_RQ7_Q3_K16_2_S0_C1_N2_O1,RQ7_Q3,no_layout,7,10,3911.8089,3923.3625,35.01500812351748,/Users/guanlil1/Dropbox/PostDoc/topics/lakehouse_sfc/results/RQ7/spec_tpch_RQ7_Q3_K16_2_S0_C1_N2_O1/batch_7/results_hudi_no_layout_spec_tpch_RQ7_Q3_K16_2_S0_C1_N2_O1_batch_7.csv
spec_tpch_RQ7_Q3_K16_2_S0_C1_N2_O1,RQ7_Q3,no_layout,8,10,3905.8898,3914.1985,31.46007156953074,/Users/guanlil1/Dropbox/PostDoc/topics/lakehouse_sfc/results/RQ7/spec_tpch_RQ7_Q3_K16_2_S0_C1_N2_O1/batch_8/results_hudi_no_layout_spec_tpch_RQ7_Q3_K16_2_S0_C1_N2_O1_batch_8.csv
spec_tpch_RQ7_Q3_K16_2_S0_C1_N2_O1,RQ7_Q3,no_layout,9,10,3907.4315,3905.487,24.560807174235986,/Users/guanlil1/Dropbox/PostDoc/topics/lakehouse_sfc/results/RQ7/spec_tpch_RQ7_Q3_K16_2_S0_C1_N2_O1/batch_9/results_hudi_no_layout_spec_tpch_RQ7_Q3_K16_2_S0_C1_N2_O1_batch_9.csv
spec_tpch_RQ7_Q3_K16_2_S0_C1_N2_O1,RQ7_Q3,no_layout,10,10,3906.8833,3909.4045,22.88605862987333,/Users/guanlil1/Dropbox/PostDoc/topics/lakehouse_sfc/results/RQ7/spec_tpch_RQ7_Q3_K16_2_S0_C1_N2_O1/batch_10/results_hudi_no_layout_spec_tpch_RQ7_Q3_K16_2_S0_C1_N2_O1_batch_10.csv
spec_tpch_RQ7_Q3_K16_3_S0_C1_N2_O1,RQ7_Q3,no_layout,0,10,3387.2835999999998,3342.14,309.4808923255845,/Users/guanlil1/Dropbox/PostDoc/topics/lakehouse_sfc/results/RQ7/spec_tpch_RQ7_Q3_K16_3_S0_C1_N2_O1/batch_0/results_hudi_no_layout_spec_tpch_RQ7_Q3_K16_3_S0_C1_N2_O1_batch_0.csv
spec_tpch_RQ7_Q3_K16_3_S0_C1_N2_O1,RQ7_Q3,no_layout,1,10,4776.4147,4843.735000000001,405.61368106809465,/Users/guanlil1/Dropbox/PostDoc/topics/lakehouse_sfc/results/RQ7/spec_tpch_RQ7_Q3_K16_3_S0_C1_N2_O1/batch_1/results_hudi_no_layout_spec_tpch_RQ7_Q3_K16_3_S0_C1_N2_O1_batch_1.csv
spec_tpch_RQ7_Q3_K16_3_S0_C1_N2_O1,RQ7_Q3,no_layout,2,10,4756.1149000000005,4826.1335,392.3352078219465,/Users/guanlil1/Dropbox/PostDoc/topics/lakehouse_sfc/results/RQ7/spec_tpch_RQ7_Q3_K16_3_S0_C1_N2_O1/batch_2/results_hudi_no_layout_spec_tpch_RQ7_Q3_K16_3_S0_C1_N2_O1_batch_2.csv
spec_tpch_RQ7_Q3_K16_3_S0_C1_N2_O1,RQ7_Q3,no_layout,3,10,4772.507800000001,4836.372,404.3411641645704,/Users/guanlil1/Dropbox/PostDoc/topics/lakehouse_sfc/results/RQ7/spec_tpch_RQ7_Q3_K16_3_S0_C1_N2_O1/batch_3/results_hudi_no_layout_spec_tpch_RQ7_Q3_K16_3_S0_C1_N2_O1_batch_3.csv
spec_tpch_RQ7_Q3_K16_3_S0_C1_N2_O1,RQ7_Q3,no_layout,4,10,4747.5436,4835.3665,396.3868700247776,/Users/guanlil1/Dropbox/PostDoc/topics/lakehouse_sfc/results/RQ7/spec_tpch_RQ7_Q3_K16_3_S0_C1_N2_O1/batch_4/results_hudi_no_layout_spec_tpch_RQ7_Q3_K16_3_S0_C1_N2_O1_batch_4.csv
spec_tpch_RQ7_Q3_K16_3_S0_C1_N2_O1,RQ7_Q3,no_layout,5,10,4757.9121,4807.322,390.0543686576142,/Users/guanlil1/Dropbox/PostDoc/topics/lakehouse_sfc/results/RQ7/spec_tpch_RQ7_Q3_K16_3_S0_C1_N2_O1/batch_5/results_hudi_no_layout_spec_tpch_RQ7_Q3_K16_3_S0_C1_N2_O1_batch_5.csv
spec_tpch_RQ7_Q3_K16_3_S0_C1_N2_O1,RQ7_Q3,no_layout,6,10,4748.9205999999995,4809.4855,396.47935642633394,/Users/guanlil1/Dropbox/PostDoc/topics/lakehouse_sfc/results/RQ7/spec_tpch_RQ7_Q3_K16_3_S0_C1_N2_O1/batch_6/results_hudi_no_layout_spec_tpch_RQ7_Q3_K16_3_S0_C1_N2_O1_batch_6.csv
spec_tpch_RQ7_Q3_K16_3_S0_C1_N2_O1,RQ7_Q3,no_layout,7,10,4739.0048,4827.188,402.38993119803575,/Users/guanlil1/Dropbox/PostDoc/topics/lakehouse_sfc/results/RQ7/spec_tpch_RQ7_Q3_K16_3_S0_C1_N2_O1/batch_7/results_hudi_no_layout_spec_tpch_RQ7_Q3_K16_3_S0_C1_N2_O1_batch_7.csv
spec_tpch_RQ7_Q3_K16_3_S0_C1_N2_O1,RQ7_Q3,no_layout,8,10,4747.1881,4815.9259999999995,395.16351339906123,/Users/guanlil1/Dropbox/PostDoc/topics/lakehouse_sfc/results/RQ7/spec_tpch_RQ7_Q3_K16_3_S0_C1_N2_O1/batch_8/results_hudi_no_layout_spec_tpch_RQ7_Q3_K16_3_S0_C1_N2_O1_batch_8.csv
spec_tpch_RQ7_Q3_K16_3_S0_C1_N2_O1,RQ7_Q3,no_layout,9,10,4738.0022,4837.3279999999995,372.8745009760791,/Users/guanlil1/Dropbox/PostDoc/topics/lakehouse_sfc/results/RQ7/spec_tpch_RQ7_Q3_K16_3_S0_C1_N2_O1/batch_9/results_hudi_no_layout_spec_tpch_RQ7_Q3_K16_3_S0_C1_N2_O1_batch_9.csv
spec_tpch_RQ7_Q3_K16_3_S0_C1_N2_O1,RQ7_Q3,no_layout,10,10,4757.6231,4846.425499999999,397.9500654515463,/Users/guanlil1/Dropbox/PostDoc/topics/lakehouse_sfc/results/RQ7/spec_tpch_RQ7_Q3_K16_3_S0_C1_N2_O1/batch_10/results_hudi_no_layout_spec_tpch_RQ7_Q3_K16_3_S0_C1_N2_O1_batch_10.csv
spec_tpch_RQ7_Q3_K16_4_S0_C1_N2_O1,RQ7_Q3,no_layout,0,10,10426.303300000001,10442.795,62.18189680453614,/Users/guanlil1/Dropbox/PostDoc/topics/lakehouse_sfc/results/RQ7/spec_tpch_RQ7_Q3_K16_4_S0_C1_N2_O1/batch_0/results_hudi_no_layout_spec_tpch_RQ7_Q3_K16_4_S0_C1_N2_O1_batch_0.csv
spec_tpch_RQ7_Q3_K16_4_S0_C1_N2_O1,RQ7_Q3,no_layout,1,10,10487.8986,10467.741,61.5219594879749,/Users/guanlil1/Dropbox/PostDoc/topics/lakehouse_sfc/results/RQ7/spec_tpch_RQ7_Q3_K16_4_S0_C1_N2_O1/batch_1/results_hudi_no_layout_spec_tpch_RQ7_Q3_K16_4_S0_C1_N2_O1_batch_1.csv
spec_tpch_RQ7_Q3_K16_4_S0_C1_N2_O1,RQ7_Q3,no_layout,2,10,10465.1908,10451.072,55.23224419449189,/Users/guanlil1/Dropbox/PostDoc/topics/lakehouse_sfc/results/RQ7/spec_tpch_RQ7_Q3_K16_4_S0_C1_N2_O1/batch_2/results_hudi_no_layout_spec_tpch_RQ7_Q3_K16_4_S0_C1_N2_O1_batch_2.csv
spec_tpch_RQ7_Q3_K16_4_S0_C1_N2_O1,RQ7_Q3,no_layout,3,10,10451.2675,10451.8165,64.39695674835876,/Users/guanlil1/Dropbox/PostDoc/topics/lakehouse_sfc/results/RQ7/spec_tpch_RQ7_Q3_K16_4_S0_C1_N2_O1/batch_3/results_hudi_no_layout_spec_tpch_RQ7_Q3_K16_4_S0_C1_N2_O1_batch_3.csv
spec_tpch_RQ7_Q3_K16_4_S0_C1_N2_O1,RQ7_Q3,no_layout,4,10,10425.802200000002,10430.123,64.39501127074976,/Users/guanlil1/Dropbox/PostDoc/topics/lakehouse_sfc/results/RQ7/spec_tpch_RQ7_Q3_K16_4_S0_C1_N2_O1/batch_4/results_hudi_no_layout_spec_tpch_RQ7_Q3_K16_4_S0_C1_N2_O1_batch_4.csv
spec_tpch_RQ7_Q3_K16_4_S0_C1_N2_O1,RQ7_Q3,no_layout,5,10,10384.528600000001,10352.4165,75.58331834895853,/Users/guanlil1/Dropbox/PostDoc/topics/lakehouse_sfc/results/RQ7/spec_tpch_RQ7_Q3_K16_4_S0_C1_N2_O1/batch_5/results_hudi_no_layout_spec_tpch_RQ7_Q3_K16_4_S0_C1_N2_O1_batch_5.csv
spec_tpch_RQ7_Q3_K16_4_S0_C1_N2_O1,RQ7_Q3,no_layout,6,10,10359.1163,10332.881000000001,62.49941064050153,/Users/guanlil1/Dropbox/PostDoc/topics/lakehouse_sfc/results/RQ7/spec_tpch_RQ7_Q3_K16_4_S0_C1_N2_O1/batch_6/results_hudi_no_layout_spec_tpch_RQ7_Q3_K16_4_S0_C1_N2_O1_batch_6.csv
spec_tpch_RQ7_Q3_K16_4_S0_C1_N2_O1,RQ7_Q3,no_layout,7,10,10301.3608,10269.353,55.90598714949937,/Users/guanlil1/Dropbox/PostDoc/topics/lakehouse_sfc/results/RQ7/spec_tpch_RQ7_Q3_K16_4_S0_C1_N2_O1/batch_7/results_hudi_no_layout_spec_tpch_RQ7_Q3_K16_4_S0_C1_N2_O1_batch_7.csv
spec_tpch_RQ7_Q3_K16_4_S0_C1_N2_O1,RQ7_Q3,no_layout,8,10,10297.3871,10300.733499999998,45.51501208930986,/Users/guanlil1/Dropbox/PostDoc/topics/lakehouse_sfc/results/RQ7/spec_tpch_RQ7_Q3_K16_4_S0_C1_N2_O1/batch_8/results_hudi_no_layout_spec_tpch_RQ7_Q3_K16_4_S0_C1_N2_O1_batch_8.csv
spec_tpch_RQ7_Q3_K16_4_S0_C1_N2_O1,RQ7_Q3,no_layout,9,10,10213.321699999999,10200.485,52.41967205553673,/Users/guanlil1/Dropbox/PostDoc/topics/lakehouse_sfc/results/RQ7/spec_tpch_RQ7_Q3_K16_4_S0_C1_N2_O1/batch_9/results_hudi_no_layout_spec_tpch_RQ7_Q3_K16_4_S0_C1_N2_O1_batch_9.csv
spec_tpch_RQ7_Q3_K16_4_S0_C1_N2_O1,RQ7_Q3,no_layout,10,10,10156.319,10139.202000000001,79.9383842894011,/Users/guanlil1/Dropbox/PostDoc/topics/lakehouse_sfc/results/RQ7/spec_tpch_RQ7_Q3_K16_4_S0_C1_N2_O1/batch_10/results_hudi_no_layout_spec_tpch_RQ7_Q3_K16_4_S0_C1_N2_O1_batch_10.csv
spec_tpch_RQ7_Q3_K16_5_S0_C1_N2_O1,RQ7_Q3,no_layout,0,10,2566.2023,2564.488,9.89190068743108,/Users/guanlil1/Dropbox/PostDoc/topics/lakehouse_sfc/results/RQ7/spec_tpch_RQ7_Q3_K16_5_S0_C1_N2_O1/batch_0/results_hudi_no_layout_spec_tpch_RQ7_Q3_K16_5_S0_C1_N2_O1_batch_0.csv
spec_tpch_RQ7_Q3_K16_5_S0_C1_N2_O1,RQ7_Q3,no_layout,1,10,2642.3759999999993,2641.346,9.719753463951658,/Users/guanlil1/Dropbox/PostDoc/topics/lakehouse_sfc/results/RQ7/spec_tpch_RQ7_Q3_K16_5_S0_C1_N2_O1/batch_1/results_hudi_no_layout_spec_tpch_RQ7_Q3_K16_5_S0_C1_N2_O1_batch_1.csv
spec_tpch_RQ7_Q3_K16_5_S0_C1_N2_O1,RQ7_Q3,no_layout,2,10,2647.1161,2646.6045000000004,8.083174926351614,/Users/guanlil1/Dropbox/PostDoc/topics/lakehouse_sfc/results/RQ7/spec_tpch_RQ7_Q3_K16_5_S0_C1_N2_O1/batch_2/results_hudi_no_layout_spec_tpch_RQ7_Q3_K16_5_S0_C1_N2_O1_batch_2.csv
spec_tpch_RQ7_Q3_K16_5_S0_C1_N2_O1,RQ7_Q3,no_layout,3,10,2633.9935,2632.8485,6.813642010701732,/Users/guanlil1/Dropbox/PostDoc/topics/lakehouse_sfc/results/RQ7/spec_tpch_RQ7_Q3_K16_5_S0_C1_N2_O1/batch_3/results_hudi_no_layout_spec_tpch_RQ7_Q3_K16_5_S0_C1_N2_O1_batch_3.csv
spec_tpch_RQ7_Q3_K16_5_S0_C1_N2_O1,RQ7_Q3,no_layout,4,10,2641.0607,2642.5765,9.34964300976252,/Users/guanlil1/Dropbox/PostDoc/topics/lakehouse_sfc/results/RQ7/spec_tpch_RQ7_Q3_K16_5_S0_C1_N2_O1/batch_4/results_hudi_no_layout_spec_tpch_RQ7_Q3_K16_5_S0_C1_N2_O1_batch_4.csv
spec_tpch_RQ7_Q3_K16_5_S0_C1_N2_O1,RQ7_Q3,no_layout,5,10,2597.6760999999997,2597.8379999999997,4.861107866525963,/Users/guanlil1/Dropbox/PostDoc/topics/lakehouse_sfc/results/RQ7/spec_tpch_RQ7_Q3_K16_5_S0_C1_N2_O1/batch_5/results_hudi_no_layout_spec_tpch_RQ7_Q3_K16_5_S0_C1_N2_O1_batch_5.csv
spec_tpch_RQ7_Q3_K16_5_S0_C1_N2_O1,RQ7_Q3,no_layout,6,10,2592.8929,2592.233,6.118247338086309,/Users/guanlil1/Dropbox/PostDoc/topics/lakehouse_sfc/results/RQ7/spec_tpch_RQ7_Q3_K16_5_S0_C1_N2_O1/batch_6/results_hudi_no_layout_spec_tpch_RQ7_Q3_K16_5_S0_C1_N2_O1_batch_6.csv
spec_tpch_RQ7_Q3_K16_5_S0_C1_N2_O1,RQ7_Q3,no_layout,7,10,2578.1885,2580.916,7.258725924706051,/Users/guanlil1/Dropbox/PostDoc/topics/lakehouse_sfc/results/RQ7/spec_tpch_RQ7_Q3_K16_5_S0_C1_N2_O1/batch_7/results_hudi_no_layout_spec_tpch_RQ7_Q3_K16_5_S0_C1_N2_O1_batch_7.csv
spec_tpch_RQ7_Q3_K16_5_S0_C1_N2_O1,RQ7_Q3,no_layout,8,10,2562.922,2559.8705,8.294875116600595,/Users/guanlil1/Dropbox/PostDoc/topics/lakehouse_sfc/results/RQ7/spec_tpch_RQ7_Q3_K16_5_S0_C1_N2_O1/batch_8/results_hudi_no_layout_spec_tpch_RQ7_Q3_K16_5_S0_C1_N2_O1_batch_8.csv
spec_tpch_RQ7_Q3_K16_5_S0_C1_N2_O1,RQ7_Q3,no_layout,9,10,2565.7871,2564.0119999999997,9.302285390698389,/Users/guanlil1/Dropbox/PostDoc/topics/lakehouse_sfc/results/RQ7/spec_tpch_RQ7_Q3_K16_5_S0_C1_N2_O1/batch_9/results_hudi_no_layout_spec_tpch_RQ7_Q3_K16_5_S0_C1_N2_O1_batch_9.csv
spec_tpch_RQ7_Q3_K16_5_S0_C1_N2_O1,RQ7_Q3,no_layout,10,10,2566.1458000000002,2562.562,11.838854723325241,/Users/guanlil1/Dropbox/PostDoc/topics/lakehouse_sfc/results/RQ7/spec_tpch_RQ7_Q3_K16_5_S0_C1_N2_O1/batch_10/results_hudi_no_layout_spec_tpch_RQ7_Q3_K16_5_S0_C1_N2_O1_batch_10.csv
spec_tpch_RQ7_Q3_K1_1_S0_C1_N2_O1,RQ7_Q3,no_layout,0,10,984.4390999999999,951.6790000000001,74.14393067736565,/Users/guanlil1/Dropbox/PostDoc/topics/lakehouse_sfc/results/RQ7/spec_tpch_RQ7_Q3_K1_1_S0_C1_N2_O1/batch_0/results_hudi_no_layout_spec_tpch_RQ7_Q3_K1_1_S0_C1_N2_O1_batch_0.csv
spec_tpch_RQ7_Q3_K1_1_S0_C1_N2_O1,RQ7_Q3,no_layout,1,10,1705.4489,1694.6080000000002,56.89935824673246,/Users/guanlil1/Dropbox/PostDoc/topics/lakehouse_sfc/results/RQ7/spec_tpch_RQ7_Q3_K1_1_S0_C1_N2_O1/batch_1/results_hudi_no_layout_spec_tpch_RQ7_Q3_K1_1_S0_C1_N2_O1_batch_1.csv
spec_tpch_RQ7_Q3_K1_1_S0_C1_N2_O1,RQ7_Q3,no_layout,2,10,1720.4670999999998,1742.616,86.07516703027652,/Users/guanlil1/Dropbox/PostDoc/topics/lakehouse_sfc/results/RQ7/spec_tpch_RQ7_Q3_K1_1_S0_C1_N2_O1/batch_2/results_hudi_no_layout_spec_tpch_RQ7_Q3_K1_1_S0_C1_N2_O1_batch_2.csv
spec_tpch_RQ7_Q3_K1_1_S0_C1_N2_O1,RQ7_Q3,no_layout,3,10,1761.0405000000003,1695.653,142.04581920229128,/Users/guanlil1/Dropbox/PostDoc/topics/lakehouse_sfc/results/RQ7/spec_tpch_RQ7_Q3_K1_1_S0_C1_N2_O1/batch_3/results_hudi_no_layout_spec_tpch_RQ7_Q3_K1_1_S0_C1_N2_O1_batch_3.csv
spec_tpch_RQ7_Q3_K1_1_S0_C1_N2_O1,RQ7_Q3,no_layout,4,10,1683.033,1695.0425,50.47812308317339,/Users/guanlil1/Dropbox/PostDoc/topics/lakehouse_sfc/results/RQ7/spec_tpch_RQ7_Q3_K1_1_S0_C1_N2_O1/batch_4/results_hudi_no_layout_spec_tpch_RQ7_Q3_K1_1_S0_C1_N2_O1_batch_4.csv
spec_tpch_RQ7_Q3_K1_1_S0_C1_N2_O1,RQ7_Q3,no_layout,5,10,1679.3075000000001,1684.1585,56.748402235217185,/Users/guanlil1/Dropbox/PostDoc/topics/lakehouse_sfc/results/RQ7/spec_tpch_RQ7_Q3_K1_1_S0_C1_N2_O1/batch_5/results_hudi_no_layout_spec_tpch_RQ7_Q3_K1_1_S0_C1_N2_O1_batch_5.csv
spec_tpch_RQ7_Q3_K1_1_S0_C1_N2_O1,RQ7_Q3,no_layout,6,10,1780.1335,1751.19,141.57597555111533,/Users/guanlil1/Dropbox/PostDoc/topics/lakehouse_sfc/results/RQ7/spec_tpch_RQ7_Q3_K1_1_S0_C1_N2_O1/batch_6/results_hudi_no_layout_spec_tpch_RQ7_Q3_K1_1_S0_C1_N2_O1_batch_6.csv
spec_tpch_RQ7_Q3_K1_1_S0_C1_N2_O1,RQ7_Q3,no_layout,7,10,1775.6808,1709.321,146.60455073823596,/Users/guanlil1/Dropbox/PostDoc/topics/lakehouse_sfc/results/RQ7/spec_tpch_RQ7_Q3_K1_1_S0_C1_N2_O1/batch_7/results_hudi_no_layout_spec_tpch_RQ7_Q3_K1_1_S0_C1_N2_O1_batch_7.csv
spec_tpch_RQ7_Q3_K1_1_S0_C1_N2_O1,RQ7_Q3,no_layout,8,10,1712.7738000000002,1682.1935,70.23668970103871,/Users/guanlil1/Dropbox/PostDoc/topics/lakehouse_sfc/results/RQ7/spec_tpch_RQ7_Q3_K1_1_S0_C1_N2_O1/batch_8/results_hudi_no_layout_spec_tpch_RQ7_Q3_K1_1_S0_C1_N2_O1_batch_8.csv
spec_tpch_RQ7_Q3_K1_1_S0_C1_N2_O1,RQ7_Q3,no_layout,9,10,1696.3823,1692.8225,55.22332556637637,/Users/guanlil1/Dropbox/PostDoc/topics/lakehouse_sfc/results/RQ7/spec_tpch_RQ7_Q3_K1_1_S0_C1_N2_O1/batch_9/results_hudi_no_layout_spec_tpch_RQ7_Q3_K1_1_S0_C1_N2_O1_batch_9.csv
spec_tpch_RQ7_Q3_K1_1_S0_C1_N2_O1,RQ7_Q3,no_layout,10,10,1710.3353,1698.216,81.52679190063841,/Users/guanlil1/Dropbox/PostDoc/topics/lakehouse_sfc/results/RQ7/spec_tpch_RQ7_Q3_K1_1_S0_C1_N2_O1/batch_10/results_hudi_no_layout_spec_tpch_RQ7_Q3_K1_1_S0_C1_N2_O1_batch_10.csv
spec_tpch_RQ7_Q3_K1_2_S0_C1_N2_O1,RQ7_Q3,no_layout,0,10,995.3444999999999,952.3154999999999,86.05580586137111,/Users/guanlil1/Dropbox/PostDoc/topics/lakehouse_sfc/results/RQ7/spec_tpch_RQ7_Q3_K1_2_S0_C1_N2_O1/batch_0/results_hudi_no_layout_spec_tpch_RQ7_Q3_K1_2_S0_C1_N2_O1_batch_0.csv
spec_tpch_RQ7_Q3_K1_2_S0_C1_N2_O1,RQ7_Q3,no_layout,1,10,1685.2507,1695.507,60.178843749360965,/Users/guanlil1/Dropbox/PostDoc/topics/lakehouse_sfc/results/RQ7/spec_tpch_RQ7_Q3_K1_2_S0_C1_N2_O1/batch_1/results_hudi_no_layout_spec_tpch_RQ7_Q3_K1_2_S0_C1_N2_O1_batch_1.csv
spec_tpch_RQ7_Q3_K1_2_S0_C1_N2_O1,RQ7_Q3,no_layout,2,10,1699.2057999999997,1697.0235,53.94991318955018,/Users/guanlil1/Dropbox/PostDoc/topics/lakehouse_sfc/results/RQ7/spec_tpch_RQ7_Q3_K1_2_S0_C1_N2_O1/batch_2/results_hudi_no_layout_spec_tpch_RQ7_Q3_K1_2_S0_C1_N2_O1_batch_2.csv
spec_tpch_RQ7_Q3_K1_2_S0_C1_N2_O1,RQ7_Q3,no_layout,3,10,1735.2992,1719.891,80.38628287562499,/Users/guanlil1/Dropbox/PostDoc/topics/lakehouse_sfc/results/RQ7/spec_tpch_RQ7_Q3_K1_2_S0_C1_N2_O1/batch_3/results_hudi_no_layout_spec_tpch_RQ7_Q3_K1_2_S0_C1_N2_O1_batch_3.csv
spec_tpch_RQ7_Q3_K1_2_S0_C1_N2_O1,RQ7_Q3,no_layout,4,10,1728.1816999999999,1697.7675,74.48048608333595,/Users/guanlil1/Dropbox/PostDoc/topics/lakehouse_sfc/results/RQ7/spec_tpch_RQ7_Q3_K1_2_S0_C1_N2_O1/batch_4/results_hudi_no_layout_spec_tpch_RQ7_Q3_K1_2_S0_C1_N2_O1_batch_4.csv
spec_tpch_RQ7_Q3_K1_2_S0_C1_N2_O1,RQ7_Q3,no_layout,5,10,1731.1497,1675.6375,162.4738154048522,/Users/guanlil1/Dropbox/PostDoc/topics/lakehouse_sfc/results/RQ7/spec_tpch_RQ7_Q3_K1_2_S0_C1_N2_O1/batch_5/results_hudi_no_layout_spec_tpch_RQ7_Q3_K1_2_S0_C1_N2_O1_batch_5.csv
spec_tpch_RQ7_Q3_K1_2_S0_C1_N2_O1,RQ7_Q3,no_layout,6,10,1708.0103,1708.6545,26.650717566512185,/Users/guanlil1/Dropbox/PostDoc/topics/lakehouse_sfc/results/RQ7/spec_tpch_RQ7_Q3_K1_2_S0_C1_N2_O1/batch_6/results_hudi_no_layout_spec_tpch_RQ7_Q3_K1_2_S0_C1_N2_O1_batch_6.csv
spec_tpch_RQ7_Q3_K1_2_S0_C1_N2_O1,RQ7_Q3,no_layout,7,10,1697.2691,1685.5839999999998,109.66248085963582,/Users/guanlil1/Dropbox/PostDoc/topics/lakehouse_sfc/results/RQ7/spec_tpch_RQ7_Q3_K1_2_S0_C1_N2_O1/batch_7/results_hudi_no_layout_spec_tpch_RQ7_Q3_K1_2_S0_C1_N2_O1_batch_7.csv
spec_tpch_RQ7_Q3_K1_2_S0_C1_N2_O1,RQ7_Q3,no_layout,8,10,1699.3246,1673.237,97.20935261094995,/Users/guanlil1/Dropbox/PostDoc/topics/lakehouse_sfc/results/RQ7/spec_tpch_RQ7_Q3_K1_2_S0_C1_N2_O1/batch_8/results_hudi_no_layout_spec_tpch_RQ7_Q3_K1_2_S0_C1_N2_O1_batch_8.csv
spec_tpch_RQ7_Q3_K1_2_S0_C1_N2_O1,RQ7_Q3,no_layout,9,10,1730.6018,1714.534,102.17115853683958,/Users/guanlil1/Dropbox/PostDoc/topics/lakehouse_sfc/results/RQ7/spec_tpch_RQ7_Q3_K1_2_S0_C1_N2_O1/batch_9/results_hudi_no_layout_spec_tpch_RQ7_Q3_K1_2_S0_C1_N2_O1_batch_9.csv
spec_tpch_RQ7_Q3_K1_2_S0_C1_N2_O1,RQ7_Q3,no_layout,10,10,1737.7611000000002,1701.9955,91.63542244399818,/Users/guanlil1/Dropbox/PostDoc/topics/lakehouse_sfc/results/RQ7/spec_tpch_RQ7_Q3_K1_2_S0_C1_N2_O1/batch_10/results_hudi_no_layout_spec_tpch_RQ7_Q3_K1_2_S0_C1_N2_O1_batch_10.csv
spec_tpch_RQ7_Q3_K1_3_S0_C1_N2_O1,RQ7_Q3,no_layout,0,10,280.2081,290.7885,180.5208207329282,/Users/guanlil1/Dropbox/PostDoc/topics/lakehouse_sfc/results/RQ7/spec_tpch_RQ7_Q3_K1_3_S0_C1_N2_O1/batch_0/results_hudi_no_layout_spec_tpch_RQ7_Q3_K1_3_S0_C1_N2_O1_batch_0.csv
spec_tpch_RQ7_Q3_K1_3_S0_C1_N2_O1,RQ7_Q3,no_layout,1,10,1024.0529999999999,1077.1205,136.04539420208243,/Users/guanlil1/Dropbox/PostDoc/topics/lakehouse_sfc/results/RQ7/spec_tpch_RQ7_Q3_K1_3_S0_C1_N2_O1/batch_1/results_hudi_no_layout_spec_tpch_RQ7_Q3_K1_3_S0_C1_N2_O1_batch_1.csv
spec_tpch_RQ7_Q3_K1_3_S0_C1_N2_O1,RQ7_Q3,no_layout,2,10,1012.0058000000001,1058.1855,122.23791117227096,/Users/guanlil1/Dropbox/PostDoc/topics/lakehouse_sfc/results/RQ7/spec_tpch_RQ7_Q3_K1_3_S0_C1_N2_O1/batch_2/results_hudi_no_layout_spec_tpch_RQ7_Q3_K1_3_S0_C1_N2_O1_batch_2.csv
spec_tpch_RQ7_Q3_K1_3_S0_C1_N2_O1,RQ7_Q3,no_layout,3,10,1024.0003999999997,1055.1805,135.127093292352,/Users/guanlil1/Dropbox/PostDoc/topics/lakehouse_sfc/results/RQ7/spec_tpch_RQ7_Q3_K1_3_S0_C1_N2_O1/batch_3/results_hudi_no_layout_spec_tpch_RQ7_Q3_K1_3_S0_C1_N2_O1_batch_3.csv
spec_tpch_RQ7_Q3_K1_3_S0_C1_N2_O1,RQ7_Q3,no_layout,4,10,1034.7477000000001,1050.6844999999998,134.10919177151882,/Users/guanlil1/Dropbox/PostDoc/topics/lakehouse_sfc/results/RQ7/spec_tpch_RQ7_Q3_K1_3_S0_C1_N2_O1/batch_4/results_hudi_no_layout_spec_tpch_RQ7_Q3_K1_3_S0_C1_N2_O1_batch_4.csv
spec_tpch_RQ7_Q3_K1_3_S0_C1_N2_O1,RQ7_Q3,no_layout,5,10,1021.2043999999999,1063.3359999999998,132.43582773796524,/Users/guanlil1/Dropbox/PostDoc/topics/lakehouse_sfc/results/RQ7/spec_tpch_RQ7_Q3_K1_3_S0_C1_N2_O1/batch_5/results_hudi_no_layout_spec_tpch_RQ7_Q3_K1_3_S0_C1_N2_O1_batch_5.csv
spec_tpch_RQ7_Q3_K1_3_S0_C1_N2_O1,RQ7_Q3,no_layout,6,10,1010.6861000000001,1036.8719999999998,118.55652254131783,/Users/guanlil1/Dropbox/PostDoc/topics/lakehouse_sfc/results/RQ7/spec_tpch_RQ7_Q3_K1_3_S0_C1_N2_O1/batch_6/results_hudi_no_layout_spec_tpch_RQ7_Q3_K1_3_S0_C1_N2_O1_batch_6.csv
spec_tpch_RQ7_Q3_K1_3_S0_C1_N2_O1,RQ7_Q3,no_layout,7,10,1009.6565999999999,1046.359,117.4930879841023,/Users/guanlil1/Dropbox/PostDoc/topics/lakehouse_sfc/results/RQ7/spec_tpch_RQ7_Q3_K1_3_S0_C1_N2_O1/batch_7/results_hudi_no_layout_spec_tpch_RQ7_Q3_K1_3_S0_C1_N2_O1_batch_7.csv
spec_tpch_RQ7_Q3_K1_3_S0_C1_N2_O1,RQ7_Q3,no_layout,8,10,1016.4995999999999,1033.1125,138.3167227996673,/Users/guanlil1/Dropbox/PostDoc/topics/lakehouse_sfc/results/RQ7/spec_tpch_RQ7_Q3_K1_3_S0_C1_N2_O1/batch_8/results_hudi_no_layout_spec_tpch_RQ7_Q3_K1_3_S0_C1_N2_O1_batch_8.csv
spec_tpch_RQ7_Q3_K1_3_S0_C1_N2_O1,RQ7_Q3,no_layout,9,10,1020.5854999999999,1038.609,143.0926130624848,/Users/guanlil1/Dropbox/PostDoc/topics/lakehouse_sfc/results/RQ7/spec_tpch_RQ7_Q3_K1_3_S0_C1_N2_O1/batch_9/results_hudi_no_layout_spec_tpch_RQ7_Q3_K1_3_S0_C1_N2_O1_batch_9.csv
spec_tpch_RQ7_Q3_K1_3_S0_C1_N2_O1,RQ7_Q3,no_layout,10,10,1024.8247,1053.8535000000002,149.48967951470763,/Users/guanlil1/Dropbox/PostDoc/topics/lakehouse_sfc/results/RQ7/spec_tpch_RQ7_Q3_K1_3_S0_C1_N2_O1/batch_10/results_hudi_no_layout_spec_tpch_RQ7_Q3_K1_3_S0_C1_N2_O1_batch_10.csv
spec_tpch_RQ7_Q3_K1_4_S0_C1_N2_O1,RQ7_Q3,no_layout,0,10,10453.8136,10451.878499999999,67.23159841800569,/Users/guanlil1/Dropbox/PostDoc/topics/lakehouse_sfc/results/RQ7/spec_tpch_RQ7_Q3_K1_4_S0_C1_N2_O1/batch_0/results_hudi_no_layout_spec_tpch_RQ7_Q3_K1_4_S0_C1_N2_O1_batch_0.csv
spec_tpch_RQ7_Q3_K1_4_S0_C1_N2_O1,RQ7_Q3,no_layout,1,10,10468.135400000001,10485.085,73.07794460601635,/Users/guanlil1/Dropbox/PostDoc/topics/lakehouse_sfc/results/RQ7/spec_tpch_RQ7_Q3_K1_4_S0_C1_N2_O1/batch_1/results_hudi_no_layout_spec_tpch_RQ7_Q3_K1_4_S0_C1_N2_O1_batch_1.csv
spec_tpch_RQ7_Q3_K1_4_S0_C1_N2_O1,RQ7_Q3,no_layout,2,10,10514.97,10503.707999999999,82.14896295145797,/Users/guanlil1/Dropbox/PostDoc/topics/lakehouse_sfc/results/RQ7/spec_tpch_RQ7_Q3_K1_4_S0_C1_N2_O1/batch_2/results_hudi_no_layout_spec_tpch_RQ7_Q3_K1_4_S0_C1_N2_O1_batch_2.csv
spec_tpch_RQ7_Q3_K1_4_S0_C1_N2_O1,RQ7_Q3,no_layout,3,10,10495.1911,10493.2505,32.91599926920037,/Users/guanlil1/Dropbox/PostDoc/topics/lakehouse_sfc/results/RQ7/spec_tpch_RQ7_Q3_K1_4_S0_C1_N2_O1/batch_3/results_hudi_no_layout_spec_tpch_RQ7_Q3_K1_4_S0_C1_N2_O1_batch_3.csv
spec_tpch_RQ7_Q3_K1_4_S0_C1_N2_O1,RQ7_Q3,no_layout,4,10,10454.082400000001,10460.0365,49.362109084195275,/Users/guanlil1/Dropbox/PostDoc/topics/lakehouse_sfc/results/RQ7/spec_tpch_RQ7_Q3_K1_4_S0_C1_N2_O1/batch_4/results_hudi_no_layout_spec_tpch_RQ7_Q3_K1_4_S0_C1_N2_O1_batch_4.csv
spec_tpch_RQ7_Q3_K1_4_S0_C1_N2_O1,RQ7_Q3,no_layout,5,10,10411.2322,10373.325499999999,92.56900979355885,/Users/guanlil1/Dropbox/PostDoc/topics/lakehouse_sfc/results/RQ7/spec_tpch_RQ7_Q3_K1_4_S0_C1_N2_O1/batch_5/results_hudi_no_layout_spec_tpch_RQ7_Q3_K1_4_S0_C1_N2_O1_batch_5.csv
spec_tpch_RQ7_Q3_K1_4_S0_C1_N2_O1,RQ7_Q3,no_layout,6,10,10392.0754,10381.6365,55.9562109442735,/Users/guanlil1/Dropbox/PostDoc/topics/lakehouse_sfc/results/RQ7/spec_tpch_RQ7_Q3_K1_4_S0_C1_N2_O1/batch_6/results_hudi_no_layout_spec_tpch_RQ7_Q3_K1_4_S0_C1_N2_O1_batch_6.csv
spec_tpch_RQ7_Q3_K1_4_S0_C1_N2_O1,RQ7_Q3,no_layout,7,10,10343.0416,10318.399000000001,78.19090160140104,/Users/guanlil1/Dropbox/PostDoc/topics/lakehouse_sfc/results/RQ7/spec_tpch_RQ7_Q3_K1_4_S0_C1_N2_O1/batch_7/results_hudi_no_layout_spec_tpch_RQ7_Q3_K1_4_S0_C1_N2_O1_batch_7.csv
spec_tpch_RQ7_Q3_K1_4_S0_C1_N2_O1,RQ7_Q3,no_layout,8,10,10319.313700000002,10289.821,83.19053251308105,/Users/guanlil1/Dropbox/PostDoc/topics/lakehouse_sfc/results/RQ7/spec_tpch_RQ7_Q3_K1_4_S0_C1_N2_O1/batch_8/results_hudi_no_layout_spec_tpch_RQ7_Q3_K1_4_S0_C1_N2_O1_batch_8.csv
spec_tpch_RQ7_Q3_K1_4_S0_C1_N2_O1,RQ7_Q3,no_layout,9,10,10232.189499999999,10205.2745,68.81099930425374,/Users/guanlil1/Dropbox/PostDoc/topics/lakehouse_sfc/results/RQ7/spec_tpch_RQ7_Q3_K1_4_S0_C1_N2_O1/batch_9/results_hudi_no_layout_spec_tpch_RQ7_Q3_K1_4_S0_C1_N2_O1_batch_9.csv
spec_tpch_RQ7_Q3_K1_4_S0_C1_N2_O1,RQ7_Q3,no_layout,10,10,8791.903400000001,8849.9905,1423.1468169800476,/Users/guanlil1/Dropbox/PostDoc/topics/lakehouse_sfc/results/RQ7/spec_tpch_RQ7_Q3_K1_4_S0_C1_N2_O1/batch_10/results_hudi_no_layout_spec_tpch_RQ7_Q3_K1_4_S0_C1_N2_O1_batch_10.csv
spec_tpch_RQ7_Q3_K1_5_S0_C1_N2_O1,RQ7_Q3,no_layout,0,10,2609.8076,2598.3625,48.49711981386115,/Users/guanlil1/Dropbox/PostDoc/topics/lakehouse_sfc/results/RQ7/spec_tpch_RQ7_Q3_K1_5_S0_C1_N2_O1/batch_0/results_hudi_no_layout_spec_tpch_RQ7_Q3_K1_5_S0_C1_N2_O1_batch_0.csv
spec_tpch_RQ7_Q3_K1_5_S0_C1_N2_O1,RQ7_Q3,no_layout,1,10,2657.7307,2666.876,20.010676010819807,/Users/guanlil1/Dropbox/PostDoc/topics/lakehouse_sfc/results/RQ7/spec_tpch_RQ7_Q3_K1_5_S0_C1_N2_O1/batch_1/results_hudi_no_layout_spec_tpch_RQ7_Q3_K1_5_S0_C1_N2_O1_batch_1.csv
spec_tpch_RQ7_Q3_K1_5_S0_C1_N2_O1,RQ7_Q3,no_layout,2,10,2674.5425999999998,2670.562,19.13417000656151,/Users/guanlil1/Dropbox/PostDoc/topics/lakehouse_sfc/results/RQ7/spec_tpch_RQ7_Q3_K1_5_S0_C1_N2_O1/batch_2/results_hudi_no_layout_spec_tpch_RQ7_Q3_K1_5_S0_C1_N2_O1_batch_2.csv
spec_tpch_RQ7_Q3_K1_5_S0_C1_N2_O1,RQ7_Q3,no_layout,3,10,2657.0787,2651.5095,13.39629951927019,/Users/guanlil1/Dropbox/PostDoc/topics/lakehouse_sfc/results/RQ7/spec_tpch_RQ7_Q3_K1_5_S0_C1_N2_O1/batch_3/results_hudi_no_layout_spec_tpch_RQ7_Q3_K1_5_S0_C1_N2_O1_batch_3.csv
spec_tpch_RQ7_Q3_K1_5_S0_C1_N2_O1,RQ7_Q3,no_layout,4,10,2659.6976000000004,2660.5215,7.43056712775008,/Users/guanlil1/Dropbox/PostDoc/topics/lakehouse_sfc/results/RQ7/spec_tpch_RQ7_Q3_K1_5_S0_C1_N2_O1/batch_4/results_hudi_no_layout_spec_tpch_RQ7_Q3_K1_5_S0_C1_N2_O1_batch_4.csv
spec_tpch_RQ7_Q3_K1_5_S0_C1_N2_O1,RQ7_Q3,no_layout,5,10,2626.9403,2630.387,16.653508141229644,/Users/guanlil1/Dropbox/PostDoc/topics/lakehouse_sfc/results/RQ7/spec_tpch_RQ7_Q3_K1_5_S0_C1_N2_O1/batch_5/results_hudi_no_layout_spec_tpch_RQ7_Q3_K1_5_S0_C1_N2_O1_batch_5.csv
spec_tpch_RQ7_Q3_K1_5_S0_C1_N2_O1,RQ7_Q3,no_layout,6,10,2626.3589,2626.6085000000003,19.726649793870223,/Users/guanlil1/Dropbox/PostDoc/topics/lakehouse_sfc/results/RQ7/spec_tpch_RQ7_Q3_K1_5_S0_C1_N2_O1/batch_6/results_hudi_no_layout_spec_tpch_RQ7_Q3_K1_5_S0_C1_N2_O1_batch_6.csv
spec_tpch_RQ7_Q3_K1_5_S0_C1_N2_O1,RQ7_Q3,no_layout,7,10,2611.7958,2611.6825,12.83348070322309,/Users/guanlil1/Dropbox/PostDoc/topics/lakehouse_sfc/results/RQ7/spec_tpch_RQ7_Q3_K1_5_S0_C1_N2_O1/batch_7/results_hudi_no_layout_spec_tpch_RQ7_Q3_K1_5_S0_C1_N2_O1_batch_7.csv
spec_tpch_RQ7_Q3_K1_5_S0_C1_N2_O1,RQ7_Q3,no_layout,8,10,2596.6758,2600.417,14.687550761103765,/Users/guanlil1/Dropbox/PostDoc/topics/lakehouse_sfc/results/RQ7/spec_tpch_RQ7_Q3_K1_5_S0_C1_N2_O1/batch_8/results_hudi_no_layout_spec_tpch_RQ7_Q3_K1_5_S0_C1_N2_O1_batch_8.csv
spec_tpch_RQ7_Q3_K1_5_S0_C1_N2_O1,RQ7_Q3,no_layout,9,10,2604.076,2605.8365,11.752854419246411,/Users/guanlil1/Dropbox/PostDoc/topics/lakehouse_sfc/results/RQ7/spec_tpch_RQ7_Q3_K1_5_S0_C1_N2_O1/batch_9/results_hudi_no_layout_spec_tpch_RQ7_Q3_K1_5_S0_C1_N2_O1_batch_9.csv
spec_tpch_RQ7_Q3_K1_5_S0_C1_N2_O1,RQ7_Q3,no_layout,10,10,2594.8039000000003,2595.9375,16.435222143007355,/Users/guanlil1/Dropbox/PostDoc/topics/lakehouse_sfc/results/RQ7/spec_tpch_RQ7_Q3_K1_5_S0_C1_N2_O1/batch_10/results_hudi_no_layout_spec_tpch_RQ7_Q3_K1_5_S0_C1_N2_O1_batch_10.csv
